dt,home_loc_nm,age_cd,sex_cd,h0_mov_dist,h1_mov_dist,h0_max_h_dist,h1_max_h_dist
20201207,충청북도,\N,\N,23263,8583,10646,5106
20201207,충청남도,\N,\N,24508,9787,11238,5913
20201207,제주특별자치도,\N,\N,28146,10754,17324,7852
20201207,전라북도,\N,\N,24103,9388,10939,5280
20201207,전라남도,\N,\N,25819,10723,12444,6251
20201207,인천광역시,\N,\N,21270,7516,9806,4389
20201207,울산광역시,\N,\N,20388,9164,9379,5012
20201207,세종특별자치시,\N,\N,24742,10156,12197,6545
20201207,서울특별시,\N,\N,18651,6818,9571,4452
20201207,부산광역시,\N,\N,20257,8149,9584,4576
20201207,대전광역시,\N,\N,20727,8327,9901,5035
20201207,대구광역시,\N,\N,21432,8672,9382,4488
20201207,광주광역시,\N,\N,22414,9668,10210,5270
20201207,경상북도,\N,\N,23967,9861,11214,5602
20201207,경상남도,\N,\N,23230,9479,10287,5018
20201207,경기도,\N,\N,22686,8030,10443,4767
20201207,강원도,\N,\N,22158,8068,11768,5378
20201207,\N,0,\N,4110,3841,2527,2877
20201207,\N,10,\N,6894,4043,4142,2743
20201207,\N,20,\N,17352,7822,10591,5648
20201207,\N,30,\N,24142,9405,11664,5868
20201207,\N,40,\N,27814,9729,12184,5498
20201207,\N,50,\N,29215,10769,12760,5768
20201207,\N,60,\N,23483,8238,10660,4444
20201207,\N,70,\N,12957,4326,6241,2460
20201207,\N,\N,1,28751,10028,12926,5761
20201207,\N,\N,2,14811,6595,7723,4078
20201207,\N,\N,\N,21884,8337,10363,4932
20201214,충청북도,\N,\N,21640,8325,10065,4876
20201214,충청남도,\N,\N,22973,9123,10756,5459
20201214,제주특별자치도,\N,\N,25515,9199,17279,7038
20201214,전라북도,\N,\N,22947,8920,10644,5014
20201214,전라남도,\N,\N,24589,10095,12185,5924
20201214,인천광역시,\N,\N,19947,6931,9337,3944
20201214,울산광역시,\N,\N,19515,8458,9082,4621
20201214,세종특별자치시,\N,\N,24019,9621,12173,6230
20201214,서울특별시,\N,\N,17414,6305,9118,4048
20201214,부산광역시,\N,\N,19468,7388,9209,4203
20201214,대전광역시,\N,\N,19802,7863,9609,4779
20201214,대구광역시,\N,\N,20333,7933,9003,4110
20201214,광주광역시,\N,\N,21570,8830,9903,4817
20201214,경상북도,\N,\N,22606,8952,10857,5187
20201214,경상남도,\N,\N,22546,8641,10048,4576
20201214,경기도,\N,\N,21308,7451,9919,4292
20201214,강원도,\N,\N,19989,7543,11085,5080
20201214,\N,0,\N,3847,3029,2640,2264
20201214,\N,10,\N,6421,3706,4307,2651
20201214,\N,20,\N,16887,7565,10700,5591
20201214,\N,30,\N,23183,8686,11321,5257
20201214,\N,40,\N,26484,9041,11678,4992
20201214,\N,50,\N,27459,9999,12014,5258
20201214,\N,60,\N,21399,7436,9768,3951
20201214,\N,70,\N,11474,3762,5656,2120
20201214,\N,\N,1,27314,9302,12414,5303
20201214,\N,\N,2,13761,6071,7387,3713
20201214,\N,\N,\N,20638,7711,9938,4520
20201221,충청북도,\N,\N,18447,11999,8520,7379
20201221,충청남도,\N,\N,19476,13066,9132,8568
20201221,제주특별자치도,\N,\N,20792,12290,14309,10855
20201221,전라북도,\N,\N,19320,12254,8983,7467
20201221,전라남도,\N,\N,20975,13709,10349,8847
20201221,인천광역시,\N,\N,16571,10046,7665,6115
20201221,울산광역시,\N,\N,16394,12241,7701,7308
20201221,세종특별자치시,\N,\N,20121,13395,10385,9652
20201221,서울특별시,\N,\N,14639,9399,7718,6779
20201221,부산광역시,\N,\N,16294,10580,7845,6492
20201221,대전광역시,\N,\N,16731,11389,8314,7673
20201221,대구광역시,\N,\N,16631,11295,7401,6298
20201221,광주광역시,\N,\N,18070,12272,8413,7462
20201221,경상북도,\N,\N,18778,12422,9185,7814
20201221,경상남도,\N,\N,18742,12360,8400,7044
20201221,경기도,\N,\N,17701,10883,8171,6749
20201221,강원도,\N,\N,16695,10650,9229,7693
20201221,\N,0,\N,3273,4549,2392,3878
20201221,\N,10,\N,5547,5665,3998,4498
20201221,\N,20,\N,14549,11311,9825,9681
20201221,\N,30,\N,19109,12412,9247,8438
20201221,\N,40,\N,21783,12739,9535,7594
20201221,\N,50,\N,22794,14180,9815,7796
20201221,\N,60,\N,18088,10712,8011,5874
20201221,\N,70,\N,9964,5478,4729,3155
20201221,\N,\N,1,22724,13220,10335,8155
20201221,\N,\N,2,11605,8899,6255,5998
20201221,\N,\N,\N,17247,11091,8325,7093
20201228,충청북도,\N,\N,17651,10989,8611,7337
20201228,충청남도,\N,\N,18589,11808,9370,8472
20201228,제주특별자치도,\N,\N,17648,12828,13773,11070
20201228,전라북도,\N,\N,17298,11271,8629,7242
20201228,전라남도,\N,\N,18638,13094,10157,8960
20201228,인천광역시,\N,\N,16117,9660,7678,6136
20201228,울산광역시,\N,\N,16076,12284,8053,7737
20201228,세종특별자치시,\N,\N,19464,12678,10582,9557
20201228,서울특별시,\N,\N,14401,9229,8120,7018
20201228,부산광역시,\N,\N,15809,10553,7962,6811
20201228,대전광역시,\N,\N,16217,10496,8591,7486
20201228,대구광역시,\N,\N,15943,11190,7641,6599
20201228,광주광역시,\N,\N,15311,10843,8075,6973
20201228,경상북도,\N,\N,17906,12003,9283,7893
20201228,경상남도,\N,\N,18242,12378,8700,7403
20201228,경기도,\N,\N,17342,10573,8433,6938
20201228,강원도,\N,\N,16330,10307,9340,7821
20201228,\N,0,\N,3579,4867,3072,4269
20201228,\N,10,\N,5221,6004,4020,4644
20201228,\N,20,\N,14182,10985,10584,9798
20201228,\N,30,\N,18643,12362,9791,8759
20201228,\N,40,\N,20902,12403,9629,7804
20201228,\N,50,\N,21894,13498,9822,8005
20201228,\N,60,\N,17055,9834,7854,5842
20201228,\N,70,\N,9319,4866,4557,2953
20201228,\N,\N,1,21668,12516,10383,8256
20201228,\N,\N,2,11346,8878,6591,6193
20201228,\N,\N,\N,16584,10724,8515,7240
20210104,충청북도,\N,\N,19954,7334,9342,4137
20210104,충청남도,\N,\N,20437,7453,9747,4393
20210104,제주특별자치도,\N,\N,20132,6155,15739,5937
20210104,전라북도,\N,\N,19534,7041,9697,4050
20210104,전라남도,\N,\N,21247,7982,11265,4929
20210104,인천광역시,\N,\N,18335,6036,8494,3285
20210104,울산광역시,\N,\N,18170,7672,8796,4165
20210104,세종특별자치시,\N,\N,21649,8176,11140,5059
20210104,서울특별시,\N,\N,15721,5319,8318,3303
20210104,부산광역시,\N,\N,18412,6678,9219,3807
20210104,대전광역시,\N,\N,17686,6452,8954,3871
20210104,대구광역시,\N,\N,18045,6958,8473,3670
20210104,광주광역시,\N,\N,18124,6638,9227,3833
20210104,경상북도,\N,\N,20334,7946,10308,4649
20210104,경상남도,\N,\N,20845,7964,9750,4247
20210104,경기도,\N,\N,19423,6448,8998,3552
20210104,강원도,\N,\N,17958,6560,10167,4426
20210104,\N,0,\N,3492,2710,3039,2137
20210104,\N,10,\N,5790,3207,4037,2220
20210104,\N,20,\N,15321,6631,10416,4922
20210104,\N,30,\N,21012,7555,10344,4445
20210104,\N,40,\N,24134,7735,10875,4169
20210104,\N,50,\N,24721,8410,11021,4347
20210104,\N,60,\N,18929,6252,8761,3304
20210104,\N,70,\N,9964,3117,4938,1780
20210104,\N,\N,1,24826,8006,11537,4479
20210104,\N,\N,2,12234,5148,6798,3135
20210104,\N,\N,\N,18625,6599,9203,3817
20210111,충청북도,\N,\N,22074,8939,10197,5066
20210111,충청남도,\N,\N,22812,9446,10764,5521
20210111,제주특별자치도,\N,\N,25878,9598,19498,7888
20210111,전라북도,\N,\N,22228,9034,10656,5100
20210111,전라남도,\N,\N,24539,9723,12686,5968
20210111,인천광역시,\N,\N,20189,7251,9309,4016
20210111,울산광역시,\N,\N,20002,9063,9568,4979
20210111,세종특별자치시,\N,\N,23856,10107,12362,6362
20210111,서울특별시,\N,\N,17466,6604,9062,4102
20210111,부산광역시,\N,\N,19969,7813,9845,4427
20210111,대전광역시,\N,\N,19708,8200,9763,4867
20210111,대구광역시,\N,\N,19949,8416,9225,4436
20210111,광주광역시,\N,\N,20969,8619,10291,4901
20210111,경상북도,\N,\N,22596,9513,11271,5439
20210111,경상남도,\N,\N,22900,9332,10570,4920
20210111,경기도,\N,\N,21520,7887,9985,4457
20210111,강원도,\N,\N,19708,7943,11102,5224
20210111,\N,0,\N,4307,3904,3718,3182
20210111,\N,10,\N,6726,4181,4798,2921
20210111,\N,20,\N,16684,7830,11150,5559
20210111,\N,30,\N,23005,9157,11217,5464
20210111,\N,40,\N,26551,9461,11892,5241
20210111,\N,50,\N,27502,10255,12130,5375
20210111,\N,60,\N,21689,7784,9801,4054
20210111,\N,70,\N,11868,4035,5698,2200
20210111,\N,\N,1,27340,9602,12593,5405
20210111,\N,\N,2,13900,6515,7577,3937
20210111,\N,\N,\N,20722,8082,10123,4682
20210118,충청북도,\N,\N,21837,9482,10145,5327
20210118,충청남도,\N,\N,22890,10044,10720,5788
20210118,제주특별자치도,\N,\N,26894,9778,19460,8249
20210118,전라북도,\N,\N,22195,9525,10470,5255
20210118,전라남도,\N,\N,24372,9691,12472,5925
20210118,인천광역시,\N,\N,20639,7941,9383,4255
20210118,울산광역시,\N,\N,20280,8632,9378,4812
20210118,세종특별자치시,\N,\N,24163,10790,12356,6687
20210118,서울특별시,\N,\N,17956,7292,9120,4337
20210118,부산광역시,\N,\N,20051,7372,9622,4232
20210118,대전광역시,\N,\N,19580,8684,9606,5063
20210118,대구광역시,\N,\N,20046,8256,9092,4321
20210118,광주광역시,\N,\N,21070,8700,10207,4895
20210118,경상북도,\N,\N,22463,9241,10953,5352
20210118,경상남도,\N,\N,22993,8725,10366,4704
20210118,경기도,\N,\N,21956,8602,10108,4733
20210118,강원도,\N,\N,19640,8077,10931,5306
20210118,\N,0,\N,4721,4028,4254,3216
20210118,\N,10,\N,7341,4434,5163,3002
20210118,\N,20,\N,17300,8218,10647,5632
20210118,\N,30,\N,23407,9640,11280,5676
20210118,\N,40,\N,26777,9848,11982,5419
20210118,\N,50,\N,27495,10558,12021,5491
20210118,\N,60,\N,21607,8051,9661,4152
20210118,\N,70,\N,11919,4257,5657,2265
20210118,\N,\N,1,27491,9890,12475,5504
20210118,\N,\N,2,14254,6909,7629,4091
20210118,\N,\N,\N,20972,8422,10089,4808
20210125,충청북도,\N,\N,22522,9300,10426,5177
20210125,충청남도,\N,\N,23777,9988,11023,5722
20210125,제주특별자치도,\N,\N,26907,10890,19554,8563
20210125,전라북도,\N,\N,23080,9490,10839,5192
20210125,전라남도,\N,\N,24290,10184,12508,5935
20210125,인천광역시,\N,\N,21152,7785,9617,4167
20210125,울산광역시,\N,\N,20485,9453,9455,4993
20210125,세종특별자치시,\N,\N,25161,10663,12566,6588
20210125,서울특별시,\N,\N,18527,7100,9411,4250
20210125,부산광역시,\N,\N,20215,8095,9626,4380
20210125,대전광역시,\N,\N,20443,8556,9945,4979
20210125,대구광역시,\N,\N,20201,8651,9173,4456
20210125,광주광역시,\N,\N,21185,8846,10262,4878
20210125,경상북도,\N,\N,22766,9589,11053,5353
20210125,경상남도,\N,\N,23023,9487,10397,4913
20210125,경기도,\N,\N,22635,8482,10418,4674
20210125,강원도,\N,\N,20737,7927,11435,5183
20210125,\N,0,\N,4678,3921,4044,2990
20210125,\N,10,\N,7492,4516,5106,2946
20210125,\N,20,\N,17902,8352,11050,5646
20210125,\N,30,\N,23886,9700,11499,5667
20210125,\N,40,\N,27199,9917,12114,5396
20210125,\N,50,\N,28079,10668,12286,5491
20210125,\N,60,\N,22306,8176,10018,4137
20210125,\N,70,\N,12454,4310,5944,2266
20210125,\N,\N,1,28014,10022,12671,5507
20210125,\N,\N,2,14733,6954,7885,4057
20210125,\N,\N,\N,21473,8511,10314,4793
20210201,충청북도,\N,\N,21532,11130,9741,6004
20210201,충청남도,\N,\N,22569,11710,10342,6508
20210201,제주특별자치도,\N,\N,26174,12934,18721,10996
20210201,전라북도,\N,\N,22335,11212,10135,5877
20210201,전라남도,\N,\N,23438,12232,11543,6761
20210201,인천광역시,\N,\N,19885,9225,8981,4919
20210201,울산광역시,\N,\N,19267,11377,8722,5769
20210201,세종특별자치시,\N,\N,23684,12735,11768,7716
20210201,서울특별시,\N,\N,17500,8680,8742,5136
20210201,부산광역시,\N,\N,19023,9675,8902,5026
20210201,대전광역시,\N,\N,19368,10166,9261,5738
20210201,대구광역시,\N,\N,19113,10356,8559,5168
20210201,광주광역시,\N,\N,20402,10910,9569,5696
20210201,경상북도,\N,\N,21668,11715,10307,6308
20210201,경상남도,\N,\N,21791,11410,9659,5654
20210201,경기도,\N,\N,21487,10206,9771,5548
20210201,강원도,\N,\N,19822,9888,10628,6216
20210201,\N,0,\N,4252,4960,3444,3578
20210201,\N,10,\N,7093,5535,4607,3592
20210201,\N,20,\N,16901,10183,10362,6890
20210201,\N,30,\N,22562,11599,10811,6708
20210201,\N,40,\N,25753,11897,11326,6302
20210201,\N,50,\N,26634,12716,11436,6281
20210201,\N,60,\N,21379,9837,9336,4773
20210201,\N,70,\N,12008,5453,5541,2750
20210201,\N,\N,1,26610,12060,11877,6461
20210201,\N,\N,2,13972,8393,7298,4796
20210201,\N,\N,\N,20385,10254,9621,5641
20210208,충청북도,\N,\N,14879,19775,6939,13997
20210208,충청남도,\N,\N,16088,21540,7831,16905
20210208,제주특별자치도,\N,\N,18581,22470,14298,25428
20210208,전라북도,\N,\N,14990,19685,6931,13159
20210208,전라남도,\N,\N,16467,21194,8352,15741
20210208,인천광역시,\N,\N,13843,17485,6661,13230
20210208,울산광역시,\N,\N,13671,21793,6520,15807
20210208,세종특별자치시,\N,\N,16720,24543,8838,19900
20210208,서울특별시,\N,\N,12672,17900,7132,16189
20210208,부산광역시,\N,\N,12987,17121,6184,12314
20210208,대전광역시,\N,\N,13246,19873,6661,14987
20210208,대구광역시,\N,\N,12762,18241,5773,11583
20210208,광주광역시,\N,\N,13858,21063,6553,14007
20210208,경상북도,\N,\N,15057,20508,7303,14247
20210208,경상남도,\N,\N,15230,20247,6786,13233
20210208,경기도,\N,\N,15076,19431,7366,15079
20210208,강원도,\N,\N,14132,18415,7916,14810
20210208,\N,0,\N,3821,12585,3186,11980
20210208,\N,10,\N,5554,15050,3878,12426
20210208,\N,20,\N,13045,20626,8712,19134
20210208,\N,30,\N,16355,23042,8495,19081
20210208,\N,40,\N,17854,22487,8304,16974
20210208,\N,50,\N,17999,21988,7933,14907
20210208,\N,60,\N,14197,15429,6273,10075
20210208,\N,70,\N,7973,8232,3762,5518
20210208,\N,\N,1,18388,21682,8679,16465
20210208,\N,\N,2,10054,16731,5588,13119
20210208,\N,\N,\N,14282,19243,7156,14817
20210215,충청북도,\N,\N,23090,10739,11005,5868
20210215,충청남도,\N,\N,24258,11112,11729,6232
20210215,제주특별자치도,\N,\N,27199,11793,20094,9214
20210215,전라북도,\N,\N,22849,10840,11285,5842
20210215,전라남도,\N,\N,23889,11435,13229,6700
20210215,인천광역시,\N,\N,21754,8747,10384,4812
20210215,울산광역시,\N,\N,21870,10583,10764,5722
20210215,세종특별자치시,\N,\N,26001,12503,13540,7525
20210215,서울특별시,\N,\N,19592,8229,10437,4951
20210215,부산광역시,\N,\N,21209,9070,10719,5169
20210215,대전광역시,\N,\N,20969,10016,10554,5714
20210215,대구광역시,\N,\N,21220,10237,10045,5299
20210215,광주광역시,\N,\N,21014,10549,10633,5722
20210215,경상북도,\N,\N,24145,11394,12074,6266
20210215,경상남도,\N,\N,24469,10765,11575,5649
20210215,경기도,\N,\N,23534,9681,11259,5398
20210215,강원도,\N,\N,22068,9759,12578,6216
20210215,\N,0,\N,5408,5174,4696,4018
20210215,\N,10,\N,8942,5867,6293,3999
20210215,\N,20,\N,19975,9684,13093,6671
20210215,\N,30,\N,24698,11052,12403,6449
20210215,\N,40,\N,27932,11352,12894,6203
20210215,\N,50,\N,28647,11897,12885,6017
20210215,\N,60,\N,22674,9334,10518,4703
20210215,\N,70,\N,12584,5081,6257,2659
20210215,\N,\N,1,28811,11281,13601,6193
20210215,\N,\N,2,15642,8222,8726,4849
20210215,\N,\N,\N,22327,9775,11201,5531
20210222,충청북도,\N,\N,25513,12336,12012,7166
20210222,충청남도,\N,\N,26759,12765,12850,7865
20210222,제주특별자치도,\N,\N,29952,11645,22151,10565
20210222,전라북도,\N,\N,25932,11833,12472,6868
20210222,전라남도,\N,\N,26990,12092,14242,7811
20210222,인천광역시,\N,\N,23532,10682,11265,6488
20210222,울산광역시,\N,\N,22850,11595,11183,7054
20210222,세종특별자치시,\N,\N,28348,14303,14881,9476
20210222,서울특별시,\N,\N,21153,9953,11220,6651
20210222,부산광역시,\N,\N,22636,9976,11718,6281
20210222,대전광역시,\N,\N,23297,11665,11816,7237
20210222,대구광역시,\N,\N,23012,10878,10984,6091
20210222,광주광역시,\N,\N,23950,11714,11900,6985
20210222,경상북도,\N,\N,26094,12183,12980,7307
20210222,경상남도,\N,\N,25511,11663,12142,6762
20210222,경기도,\N,\N,25482,11656,12237,7161
20210222,강원도,\N,\N,24305,11042,14009,7501
20210222,\N,0,\N,6552,6702,5609,5549
20210222,\N,10,\N,9785,7332,7000,5328
20210222,\N,20,\N,20843,10844,13860,8277
20210222,\N,30,\N,26464,12757,13354,8423
20210222,\N,40,\N,30119,13225,13905,7907
20210222,\N,50,\N,31137,13645,13888,7563
20210222,\N,60,\N,25351,10355,11715,5687
20210222,\N,70,\N,14533,5563,7047,3080
20210222,\N,\N,1,31102,12696,14661,7650
20210222,\N,\N,2,17170,9729,9561,6323
20210222,\N,\N,\N,24239,11234,12149,6996
20210301,충청북도,\N,\N,19268,14647,9151,8216
20210301,충청남도,\N,\N,20557,15738,9855,9044
20210301,제주특별자치도,\N,\N,23360,15977,17962,13612
20210301,전라북도,\N,\N,19839,15148,9663,8321
20210301,전라남도,\N,\N,20630,15973,11320,9759
20210301,인천광역시,\N,\N,18136,12224,8433,6824
20210301,울산광역시,\N,\N,17300,14399,8698,8224
20210301,세종특별자치시,\N,\N,21081,16580,11058,10197
20210301,서울특별시,\N,\N,15994,11423,8316,7045
20210301,부산광역시,\N,\N,17035,12289,8667,7166
20210301,대전광역시,\N,\N,17285,13672,8890,8052
20210301,대구광역시,\N,\N,17314,13173,8108,7010
20210301,광주광역시,\N,\N,18261,14591,9048,8108
20210301,경상북도,\N,\N,19737,15209,10139,8823
20210301,경상남도,\N,\N,19718,14811,9554,8103
20210301,경기도,\N,\N,19435,13347,9035,7488
20210301,강원도,\N,\N,17230,12711,10482,8748
20210301,\N,0,\N,3205,6942,2193,4543
20210301,\N,10,\N,6609,7358,5712,5573
20210301,\N,20,\N,15481,13121,11279,10014
20210301,\N,30,\N,20130,14963,9721,8846
20210301,\N,40,\N,22889,15327,10015,8196
20210301,\N,50,\N,24149,16840,10587,8700
20210301,\N,60,\N,19791,13281,9025,6962
20210301,\N,70,\N,11204,7195,5342,3883
20210301,\N,\N,1,23960,15646,11251,8829
20210301,\N,\N,2,12688,11093,7009,6720
20210301,\N,\N,\N,18405,13402,9160,7790
20210308,충청북도,\N,\N,24931,11162,11606,6118
20210308,충청남도,\N,\N,26710,12077,12671,6865
20210308,제주특별자치도,\N,\N,29379,11925,20795,9026
20210308,전라북도,\N,\N,25609,11579,12385,6211
20210308,전라남도,\N,\N,26445,12125,13890,6988
20210308,인천광역시,\N,\N,23186,9132,10697,5017
20210308,울산광역시,\N,\N,21517,10638,10336,5812
20210308,세종특별자치시,\N,\N,26960,12693,14153,7737
20210308,서울특별시,\N,\N,20552,8533,10576,5089
20210308,부산광역시,\N,\N,21404,9383,10676,5214
20210308,대전광역시,\N,\N,22186,10429,11440,6048
20210308,대구광역시,\N,\N,22124,10334,10202,5314
20210308,광주광역시,\N,\N,23423,11352,11252,5989
20210308,경상북도,\N,\N,25114,11579,12655,6441
20210308,경상남도,\N,\N,24388,10947,11340,5684
20210308,경기도,\N,\N,24906,10020,11467,5514
20210308,강원도,\N,\N,23617,10180,13541,6521
20210308,\N,0,\N,4426,5354,2589,3376
20210308,\N,10,\N,8290,5396,6687,3525
20210308,\N,20,\N,19647,9859,13556,6938
20210308,\N,30,\N,25587,11445,12228,6625
20210308,\N,40,\N,29182,11506,12699,6110
20210308,\N,50,\N,30978,12689,13520,6514
20210308,\N,60,\N,25637,10203,11629,5245
20210308,\N,70,\N,14725,5587,7017,2929
20210308,\N,\N,1,30547,11769,14173,6493
20210308,\N,\N,2,16357,8462,8758,4876
20210308,\N,\N,\N,23553,10139,11503,5696
20210315,충청북도,\N,\N,25433,10333,11474,5849
20210315,충청남도,\N,\N,27173,11178,12526,6538
20210315,제주특별자치도,\N,\N,29907,11146,19603,8578
20210315,전라북도,\N,\N,26507,10422,12093,5803
20210315,전라남도,\N,\N,27283,11029,13411,6573
20210315,인천광역시,\N,\N,23465,8664,10658,4816
20210315,울산광역시,\N,\N,22325,10010,10273,5577
20210315,세종특별자치시,\N,\N,27547,11894,13544,7402
20210315,서울특별시,\N,\N,20977,8119,10449,4936
20210315,부산광역시,\N,\N,22116,8593,10563,4881
20210315,대전광역시,\N,\N,22970,9536,11159,5733
20210315,대구광역시,\N,\N,22936,9289,10194,4855
20210315,광주광역시,\N,\N,24210,10175,11132,5503
20210315,경상북도,\N,\N,25946,10862,12216,6173
20210315,경상남도,\N,\N,25070,9928,11152,5294
20210315,경기도,\N,\N,25263,9458,11448,5321
20210315,강원도,\N,\N,24537,9418,13254,6165
20210315,\N,0,\N,4681,4566,2332,2976
20210315,\N,10,\N,8540,4984,5225,3192
20210315,\N,20,\N,20120,9321,12334,6583
20210315,\N,30,\N,26103,10760,12323,6433
20210315,\N,40,\N,29740,10744,12877,5852
20210315,\N,50,\N,31653,11879,13787,6259
20210315,\N,60,\N,26340,9368,11906,4980
20210315,\N,70,\N,15322,4902,7288,2715
20210315,\N,\N,1,31155,10973,14011,6175
20210315,\N,\N,2,16855,7860,8627,4661
20210315,\N,\N,\N,24105,9439,11356,5428
20210322,충청북도,\N,\N,25813,10309,11553,5919
20210322,충청남도,\N,\N,27482,11158,12499,6635
20210322,제주특별자치도,\N,\N,31092,11319,19680,8936
20210322,전라북도,\N,\N,26928,10509,12076,5914
20210322,전라남도,\N,\N,28047,11836,13355,6793
20210322,인천광역시,\N,\N,23864,8508,10965,4904
20210322,울산광역시,\N,\N,23077,11208,10573,5948
20210322,세종특별자치시,\N,\N,28109,12156,13770,7687
20210322,서울특별시,\N,\N,21444,8073,10731,5105
20210322,부산광역시,\N,\N,22759,9464,10675,5217
20210322,대전광역시,\N,\N,23228,9664,11102,5856
20210322,대구광역시,\N,\N,23413,10201,10340,5233
20210322,광주광역시,\N,\N,25385,10778,11260,5699
20210322,경상북도,\N,\N,26307,11520,12241,6413
20210322,경상남도,\N,\N,25777,11002,11312,5638
20210322,경기도,\N,\N,25650,9365,11673,5444
20210322,강원도,\N,\N,24588,9555,13212,6369
20210322,\N,0,\N,4908,4768,2470,3127
20210322,\N,10,\N,8726,5090,4814,3333
20210322,\N,20,\N,20577,9396,12289,6653
20210322,\N,30,\N,26650,10943,12634,6614
20210322,\N,40,\N,30199,11028,13095,6074
20210322,\N,50,\N,32198,12258,14063,6524
20210322,\N,60,\N,26938,9711,12216,5205
20210322,\N,70,\N,15821,5151,7577,2879
20210322,\N,\N,1,31582,11167,14123,6333
20210322,\N,\N,2,17398,8162,8849,4885
20210322,\N,\N,\N,24589,9685,11523,5619
20210329,충청북도,\N,\N,26209,10234,11555,5804
20210329,충청남도,\N,\N,28039,11290,12526,6586
20210329,제주특별자치도,\N,\N,30141,10717,20250,8777
20210329,전라북도,\N,\N,27508,10027,12037,5649
20210329,전라남도,\N,\N,28110,10527,13317,6420
20210329,인천광역시,\N,\N,24074,8773,10939,4986
20210329,울산광역시,\N,\N,23093,9625,10509,5547
20210329,세종특별자치시,\N,\N,28441,11612,13579,7368
20210329,서울특별시,\N,\N,21705,8215,10866,5130
20210329,부산광역시,\N,\N,22475,8140,10511,4808
20210329,대전광역시,\N,\N,23616,9352,11105,5680
20210329,대구광역시,\N,\N,23520,8826,10262,4709
20210329,광주광역시,\N,\N,25145,9573,11098,5287
20210329,경상북도,\N,\N,26821,10423,12336,6067
20210329,경상남도,\N,\N,25640,9447,11155,5154
20210329,경기도,\N,\N,26022,9617,11818,5521
20210329,강원도,\N,\N,25106,9785,13158,6413
20210329,\N,0,\N,5120,4478,2643,3015
20210329,\N,10,\N,8822,4789,4872,3144
20210329,\N,20,\N,20762,9126,12180,6520
20210329,\N,30,\N,26806,10609,12656,6493
20210329,\N,40,\N,30339,10672,13110,5958
20210329,\N,50,\N,32462,11848,14098,6405
20210329,\N,60,\N,27313,9330,12316,5090
20210329,\N,70,\N,16247,4883,7782,2758
20210329,\N,\N,1,31683,10814,14054,6228
20210329,\N,\N,2,17759,7836,9001,4738
20210329,\N,\N,\N,24817,9345,11562,5493
20210405,충청북도,\N,\N,26251,12240,11676,6637
20210405,충청남도,\N,\N,28071,13060,12640,7291
20210405,제주특별자치도,\N,\N,31314,12575,20313,9227
20210405,전라북도,\N,\N,26967,12179,12004,6439
20210405,전라남도,\N,\N,27766,12724,13246,7099
20210405,인천광역시,\N,\N,24400,10531,11286,5876
20210405,울산광역시,\N,\N,22893,11515,10779,6322
20210405,세종특별자치시,\N,\N,28012,13758,13591,8208
20210405,서울특별시,\N,\N,21959,9901,11124,5992
20210405,부산광역시,\N,\N,22436,10141,10764,5668
20210405,대전광역시,\N,\N,23298,11457,11171,6549
20210405,대구광역시,\N,\N,23453,11299,10400,5786
20210405,광주광역시,\N,\N,25256,12486,11291,6466
20210405,경상북도,\N,\N,26305,12460,12241,6787
20210405,경상남도,\N,\N,25701,11692,11384,6045
20210405,경기도,\N,\N,26300,11397,12085,6398
20210405,강원도,\N,\N,25606,11511,13423,7007
20210405,\N,0,\N,5044,6756,2688,4320
20210405,\N,10,\N,8529,5534,4685,3402
20210405,\N,20,\N,20690,10566,12355,7104
20210405,\N,30,\N,27041,12822,12976,7587
20210405,\N,40,\N,30610,12767,13377,6896
20210405,\N,50,\N,32725,14121,14400,7355
20210405,\N,60,\N,27556,11592,12648,6068
20210405,\N,70,\N,16052,6692,7731,3557
20210405,\N,\N,1,31853,12902,14312,7098
20210405,\N,\N,2,17794,9606,9139,5572
20210405,\N,\N,\N,24920,11277,11761,6346
20210412,충청북도,\N,\N,25268,11321,11459,6347
20210412,충청남도,\N,\N,27000,12114,12448,6905
20210412,제주특별자치도,\N,\N,29908,11928,20358,8888
20210412,전라북도,\N,\N,25701,11361,11591,6042
20210412,전라남도,\N,\N,26828,11939,13036,6772
20210412,인천광역시,\N,\N,23446,9723,10984,5493
20210412,울산광역시,\N,\N,22005,10679,10322,5869
20210412,세종특별자치시,\N,\N,27200,12808,13325,7834
20210412,서울특별시,\N,\N,21019,9113,10777,5623
20210412,부산광역시,\N,\N,21817,9629,10484,5382
20210412,대전광역시,\N,\N,22330,10625,10782,6157
20210412,대구광역시,\N,\N,22648,10528,10057,5407
20210412,광주광역시,\N,\N,23932,11166,10772,5899
20210412,경상북도,\N,\N,25695,11694,11978,6380
20210412,경상남도,\N,\N,24907,11107,11095,5750
20210412,경기도,\N,\N,25135,10507,11674,5987
20210412,강원도,\N,\N,24879,10661,13145,6599
20210412,\N,0,\N,4966,5623,2677,3709
20210412,\N,10,\N,7904,4652,4384,2926
20210412,\N,20,\N,19679,9825,11829,6704
20210412,\N,30,\N,26324,12142,12848,7334
20210412,\N,40,\N,29659,11891,13087,6502
20210412,\N,50,\N,31678,13343,14089,7018
20210412,\N,60,\N,26429,10853,12270,5735
20210412,\N,70,\N,15094,5845,7387,3132
20210412,\N,\N,1,30757,12062,13923,6712
20210412,\N,\N,2,16953,8819,8856,5199
20210412,\N,\N,\N,23951,10463,11425,5966
20210419,충청북도,\N,\N,25531,11552,11713,6509
20210419,충청남도,\N,\N,27087,12329,12386,7014
20210419,제주특별자치도,\N,\N,29454,11505,20131,8959
20210419,전라북도,\N,\N,26115,11704,11698,6300
20210419,전라남도,\N,\N,26860,11748,12996,6742
20210419,인천광역시,\N,\N,23638,9864,11027,5543
20210419,울산광역시,\N,\N,21797,10352,10187,5763
20210419,세종특별자치시,\N,\N,27305,12957,13388,7873
20210419,서울특별시,\N,\N,21225,9243,10896,5680
20210419,부산광역시,\N,\N,21675,9423,10454,5365
20210419,대전광역시,\N,\N,22776,10900,11012,6360
20210419,대구광역시,\N,\N,22800,10535,10174,5489
20210419,광주광역시,\N,\N,23829,11264,10842,6017
20210419,경상북도,\N,\N,25613,11515,11941,6413
20210419,경상남도,\N,\N,24838,10804,11058,5674
20210419,경기도,\N,\N,25269,10628,11753,6050
20210419,강원도,\N,\N,24888,10701,13076,6614
20210419,\N,0,\N,4907,5631,2688,3721
20210419,\N,10,\N,7926,4641,4447,3049
20210419,\N,20,\N,19781,9988,11934,6893
20210419,\N,30,\N,26214,12266,12821,7385
20210419,\N,40,\N,29475,11912,13021,6509
20210419,\N,50,\N,31793,13329,14135,7046
20210419,\N,60,\N,26927,10873,12469,5759
20210419,\N,70,\N,15656,5837,7560,3126
20210419,\N,\N,1,30945,12150,14032,6789
20210419,\N,\N,2,16971,8819,8857,5230
20210419,\N,\N,\N,24053,10507,11479,6020
20210426,충청북도,\N,\N,25147,11062,11519,6544
20210426,충청남도,\N,\N,26768,12034,12280,7446
20210426,제주특별자치도,\N,\N,28244,10898,19464,9026
20210426,전라북도,\N,\N,25876,11043,11883,6368
20210426,전라남도,\N,\N,26237,11374,12792,6947
20210426,인천광역시,\N,\N,23303,9890,10980,5945
20210426,울산광역시,\N,\N,21374,10587,10167,6306
20210426,세종특별자치시,\N,\N,27025,13572,13599,8985
20210426,서울특별시,\N,\N,20904,9290,10898,6137
20210426,부산광역시,\N,\N,21438,9540,10503,5743
20210426,대전광역시,\N,\N,22596,10771,11127,6735
20210426,대구광역시,\N,\N,22443,10285,10097,5579
20210426,광주광역시,\N,\N,23409,10896,10758,6217
20210426,경상북도,\N,\N,25280,11249,12020,6669
20210426,경상남도,\N,\N,24401,10872,10931,5998
20210426,경기도,\N,\N,24922,10775,11719,6640
20210426,강원도,\N,\N,25026,10262,13327,6873
20210426,\N,0,\N,5030,6168,2867,4756
20210426,\N,10,\N,8522,6260,4963,4528
20210426,\N,20,\N,19862,9855,12243,7181
20210426,\N,30,\N,25571,11849,12604,7552
20210426,\N,40,\N,28807,12157,12838,7283
20210426,\N,50,\N,31126,12957,13919,7242
20210426,\N,60,\N,26492,10293,12327,5709
20210426,\N,70,\N,15407,5361,7565,3011
20210426,\N,\N,1,30504,11875,13957,7114
20210426,\N,\N,2,16735,8998,8881,5702
20210426,\N,\N,\N,23712,10456,11453,6418
20210503,충청북도,\N,\N,20757,17810,9927,9743
20210503,충청남도,\N,\N,21782,19027,10827,10935
20210503,제주특별자치도,\N,\N,22097,17332,16204,13348
20210503,전라북도,\N,\N,21108,18227,10091,9590
20210503,전라남도,\N,\N,21360,18276,11073,10313
20210503,인천광역시,\N,\N,18990,15062,9517,8521
20210503,울산광역시,\N,\N,17764,16652,9070,9196
20210503,세종특별자치시,\N,\N,23389,22227,13161,13850
20210503,서울특별시,\N,\N,17370,14556,9941,9180
20210503,부산광역시,\N,\N,17387,14655,8766,8183
20210503,대전광역시,\N,\N,18859,17425,9795,10032
20210503,대구광역시,\N,\N,18268,16523,8439,8428
20210503,광주광역시,\N,\N,19146,17923,9275,9361
20210503,경상북도,\N,\N,21011,18275,10582,10081
20210503,경상남도,\N,\N,19978,17243,9313,8851
20210503,경기도,\N,\N,20875,16721,10839,9699
20210503,강원도,\N,\N,20390,16663,11293,10199
20210503,\N,0,\N,6304,12209,5658,8411
20210503,\N,10,\N,8290,11347,5887,7371
20210503,\N,20,\N,16528,14798,10825,10357
20210503,\N,30,\N,21493,18700,11624,11244
20210503,\N,40,\N,24253,19545,11966,10883
20210503,\N,50,\N,25121,19887,11530,10277
20210503,\N,60,\N,20859,15566,9815,8105
20210503,\N,70,\N,11857,8930,5858,4777
20210503,\N,\N,1,24883,18633,12034,10382
20210503,\N,\N,2,14138,14309,8242,8555
20210503,\N,\N,\N,19582,16500,10163,9480
20210510,충청북도,\N,\N,24928,9822,11396,5801
20210510,충청남도,\N,\N,26006,10363,12115,6381
20210510,제주특별자치도,\N,\N,27464,9655,19500,8561
20210510,전라북도,\N,\N,25669,9753,11833,5659
20210510,전라남도,\N,\N,25917,9386,13291,6114
20210510,인천광역시,\N,\N,23368,8261,11031,4977
20210510,울산광역시,\N,\N,21432,9167,10189,5450
20210510,세종특별자치시,\N,\N,26910,11320,13599,7373
20210510,서울특별시,\N,\N,21173,7838,11078,5203
20210510,부산광역시,\N,\N,21531,7576,10623,4726
20210510,대전광역시,\N,\N,22467,9063,11089,5621
20210510,대구광역시,\N,\N,22480,8702,10258,4843
20210510,광주광역시,\N,\N,23386,8772,10917,5180
20210510,경상북도,\N,\N,25048,9933,12021,5962
20210510,경상남도,\N,\N,24622,9082,11061,5130
20210510,경기도,\N,\N,24994,9029,11780,5445
20210510,강원도,\N,\N,25119,9346,13354,6304
20210510,\N,0,\N,4753,4304,2690,3188
20210510,\N,10,\N,8396,4731,4890,3359
20210510,\N,20,\N,20080,8726,12594,6556
20210510,\N,30,\N,25636,10133,12692,6584
20210510,\N,40,\N,28933,10141,13024,5955
20210510,\N,50,\N,31144,11133,14009,6220
20210510,\N,60,\N,26410,8734,12314,4923
20210510,\N,70,\N,15364,4478,7523,2636
20210510,\N,\N,1,30572,10278,14119,6165
20210510,\N,\N,2,16710,7357,8897,4720
20210510,\N,\N,\N,23733,8837,11542,5452
20210517,충청북도,\N,\N,19716,17042,9297,8992
20210517,충청남도,\N,\N,20827,17678,10047,9626
20210517,제주특별자치도,\N,\N,21549,16953,15639,12642
20210517,전라북도,\N,\N,20358,17453,9634,9021
20210517,전라남도,\N,\N,20308,17085,10507,9430
20210517,인천광역시,\N,\N,18570,14511,9035,7921
20210517,울산광역시,\N,\N,16972,16422,8517,8690
20210517,세종특별자치시,\N,\N,21978,19458,11551,11227
20210517,서울특별시,\N,\N,16834,13838,9281,8270
20210517,부산광역시,\N,\N,16716,14427,8465,7874
20210517,대전광역시,\N,\N,18140,16417,9297,9111
20210517,대구광역시,\N,\N,17449,16195,8193,8223
20210517,광주광역시,\N,\N,18565,17091,9029,8941
20210517,경상북도,\N,\N,19524,17379,9768,9282
20210517,경상남도,\N,\N,19186,16765,8825,8324
20210517,경기도,\N,\N,19936,15792,9759,8680
20210517,강원도,\N,\N,19869,16226,11015,9671
20210517,\N,0,\N,4342,8472,3013,5378
20210517,\N,10,\N,6868,8288,4405,5137
20210517,\N,20,\N,16217,14477,10506,9772
20210517,\N,30,\N,20806,17898,10970,10374
20210517,\N,40,\N,23154,18065,10850,9544
20210517,\N,50,\N,24435,19735,11194,9987
20210517,\N,60,\N,20175,16233,9491,8238
20210517,\N,70,\N,11429,8994,5668,4665
20210517,\N,\N,1,24192,18104,11513,9729
20210517,\N,\N,2,13240,13327,7396,7619
20210517,\N,\N,\N,18787,15747,9481,8688
20210524,충청북도,\N,\N,24426,11626,11236,6422
20210524,충청남도,\N,\N,25430,12100,11920,6971
20210524,제주특별자치도,\N,\N,27534,11488,19271,8985
20210524,전라북도,\N,\N,25283,11720,11549,6288
20210524,전라남도,\N,\N,25225,11739,12419,6674
20210524,인천광역시,\N,\N,22647,9689,10711,5472
20210524,울산광역시,\N,\N,21359,11010,10139,6043
20210524,세종특별자치시,\N,\N,26557,13097,13476,7979
20210524,서울특별시,\N,\N,20365,9028,10683,5572
20210524,부산광역시,\N,\N,21125,9625,10348,5417
20210524,대전광역시,\N,\N,22202,10941,10994,6350
20210524,대구광역시,\N,\N,22243,11111,10205,5748
20210524,광주광역시,\N,\N,22809,11319,10716,6124
20210524,경상북도,\N,\N,24752,11899,11913,6589
20210524,경상남도,\N,\N,24390,11318,10913,5872
20210524,경기도,\N,\N,24350,10504,11561,5989
20210524,강원도,\N,\N,24302,10805,13234,6758
20210524,\N,0,\N,4798,5919,2762,3989
20210524,\N,10,\N,8073,5429,4665,3429
20210524,\N,20,\N,19487,9806,11930,6762
20210524,\N,30,\N,25366,12274,12709,7400
20210524,\N,40,\N,28542,12190,12925,6717
20210524,\N,50,\N,30567,13240,13830,6979
20210524,\N,60,\N,25376,10500,11868,5497
20210524,\N,70,\N,14283,5590,7048,2981
20210524,\N,\N,1,29926,12159,13852,6779
20210524,\N,\N,2,16248,8863,8656,5251
20210524,\N,\N,\N,23175,10532,11287,6025
20210531,충청북도,\N,\N,24286,11649,11053,6467
20210531,충청남도,\N,\N,25345,12073,11698,6961
20210531,제주특별자치도,\N,\N,27101,11223,19097,8765
20210531,전라북도,\N,\N,24890,11589,11303,6259
20210531,전라남도,\N,\N,24815,11787,12316,6799
20210531,인천광역시,\N,\N,22428,9903,10499,5610
20210531,울산광역시,\N,\N,21037,11254,9942,6295
20210531,세종특별자치시,\N,\N,26174,13275,13104,8163
20210531,서울특별시,\N,\N,20080,9307,10416,5770
20210531,부산광역시,\N,\N,20491,9592,9973,5438
20210531,대전광역시,\N,\N,21768,10872,10572,6318
20210531,대구광역시,\N,\N,21855,10667,9868,5667
20210531,광주광역시,\N,\N,22386,11376,10434,6185
20210531,경상북도,\N,\N,24515,11829,11630,6589
20210531,경상남도,\N,\N,23711,11353,10589,5884
20210531,경기도,\N,\N,24199,10747,11335,6161
20210531,강원도,\N,\N,24090,11133,12688,6726
20210531,\N,0,\N,4887,6149,2857,4157
20210531,\N,10,\N,7841,5429,4342,3394
20210531,\N,20,\N,18883,9815,11441,6683
20210531,\N,30,\N,25291,12528,12605,7639
20210531,\N,40,\N,28494,12424,12828,6973
20210531,\N,50,\N,30361,13394,13598,7124
20210531,\N,60,\N,24826,10520,11450,5517
20210531,\N,70,\N,13791,5724,6733,3037
20210531,\N,\N,1,29580,12263,13535,6878
20210531,\N,\N,2,16005,8992,8442,5350
20210531,\N,\N,\N,22875,10648,11020,6123
20210607,충청북도,\N,\N,24732,11611,11371,6543
20210607,충청남도,\N,\N,25792,12044,11984,7024
20210607,제주특별자치도,\N,\N,26647,11027,19093,8796
20210607,전라북도,\N,\N,25351,11312,11493,6163
20210607,전라남도,\N,\N,25521,11615,12704,6880
20210607,인천광역시,\N,\N,22849,9893,10776,5641
20210607,울산광역시,\N,\N,21162,10344,10119,5919
20210607,세종특별자치시,\N,\N,26775,12979,13545,8097
20210607,서울특별시,\N,\N,20391,9141,10659,5702
20210607,부산광역시,\N,\N,20478,8751,10035,5110
20210607,대전광역시,\N,\N,22193,10677,10843,6294
20210607,대구광역시,\N,\N,21649,10430,9871,5534
20210607,광주광역시,\N,\N,22735,11012,10625,6039
20210607,경상북도,\N,\N,24798,11592,11773,6542
20210607,경상남도,\N,\N,23913,10644,10772,5686
20210607,경기도,\N,\N,24534,10623,11556,6114
20210607,강원도,\N,\N,25118,11043,13064,6726
20210607,\N,0,\N,5007,6154,3002,4241
20210607,\N,10,\N,7854,5042,4312,3161
20210607,\N,20,\N,19439,9647,11789,6717
20210607,\N,30,\N,25619,12193,12933,7533
20210607,\N,40,\N,28940,12261,13148,6906
20210607,\N,50,\N,30732,13171,13813,7059
20210607,\N,60,\N,24540,10029,11315,5327
20210607,\N,70,\N,14426,5666,7077,3077
20210607,\N,\N,1,29935,12009,13769,6803
20210607,\N,\N,2,16265,8752,8634,5275
20210607,\N,\N,\N,23187,10401,11235,6049
20210614,충청북도,\N,\N,25291,12060,11628,6882
20210614,충청남도,\N,\N,26225,12499,12333,7480
20210614,제주특별자치도,\N,\N,27200,11720,19635,9818
20210614,전라북도,\N,\N,25654,11948,11835,6724
20210614,전라남도,\N,\N,25850,12319,13239,7361
20210614,인천광역시,\N,\N,23297,10194,11057,5885
20210614,울산광역시,\N,\N,21303,11397,10192,6349
20210614,세종특별자치시,\N,\N,27195,13503,13663,8530
20210614,서울특별시,\N,\N,20860,9623,10988,6073
20210614,부산광역시,\N,\N,20763,9772,10230,5678
20210614,대전광역시,\N,\N,22621,11342,11242,6896
20210614,대구광역시,\N,\N,21978,11210,10049,5997
20210614,광주광역시,\N,\N,23050,11722,10884,6563
20210614,경상북도,\N,\N,25000,12294,11983,7003
20210614,경상남도,\N,\N,24184,11662,10975,6156
20210614,경기도,\N,\N,24997,11037,11783,6395
20210614,강원도,\N,\N,25485,11643,13273,7177
20210614,\N,0,\N,5207,6428,3173,4452
20210614,\N,10,\N,8371,5396,4812,3689
20210614,\N,20,\N,20584,10820,12782,7808
20210614,\N,30,\N,25822,12995,13055,8014
20210614,\N,40,\N,29233,12738,13248,7139
20210614,\N,50,\N,31019,13681,13893,7286
20210614,\N,60,\N,24830,10541,11507,5606
20210614,\N,70,\N,14564,5866,7163,3162
20210614,\N,\N,1,30335,12647,14025,7218
20210614,\N,\N,2,16665,9292,8916,5666
20210614,\N,\N,\N,23585,10991,11502,6452
20210621,충청북도,\N,\N,26017,11741,12230,6823
20210621,충청남도,\N,\N,26798,12309,12796,7333
20210621,제주특별자치도,\N,\N,28832,11370,22103,9977
20210621,전라북도,\N,\N,26561,11846,12720,6711
20210621,전라남도,\N,\N,26914,12256,13551,7279
20210621,인천광역시,\N,\N,23995,10153,11566,5918
20210621,울산광역시,\N,\N,22553,11341,10908,6448
20210621,세종특별자치시,\N,\N,28054,13439,14636,8689
20210621,서울특별시,\N,\N,21769,9523,11811,6162
20210621,부산광역시,\N,\N,21937,9799,11127,5795
20210621,대전광역시,\N,\N,23471,11126,12188,6910
20210621,대구광역시,\N,\N,22903,10827,10716,5888
20210621,광주광역시,\N,\N,24039,12085,11739,6625
20210621,경상북도,\N,\N,26086,12073,12905,7070
20210621,경상남도,\N,\N,25354,11662,11609,6232
20210621,경기도,\N,\N,25773,10857,12387,6394
20210621,강원도,\N,\N,26755,10912,14311,6942
20210621,\N,0,\N,5376,6280,3282,4420
20210621,\N,10,\N,8742,5021,6310,3667
20210621,\N,20,\N,21867,10867,14973,8134
20210621,\N,30,\N,26689,12799,13430,7951
20210621,\N,40,\N,29730,12324,13440,6948
20210621,\N,50,\N,31802,13461,14192,7233
20210621,\N,60,\N,26702,10846,12340,5822
20210621,\N,70,\N,15395,5790,7532,3197
20210621,\N,\N,1,31403,12455,14762,7204
20210621,\N,\N,2,17437,9201,9638,5718
20210621,\N,\N,\N,24505,10848,12231,6470
20210628,충청북도,\N,\N,25867,10401,12062,6113
20210628,충청남도,\N,\N,26857,10775,12732,6715
20210628,제주특별자치도,\N,\N,28393,9315,21035,8893
20210628,전라북도,\N,\N,26289,10156,12411,5952
20210628,전라남도,\N,\N,26737,10201,13578,6496
20210628,인천광역시,\N,\N,23535,8414,11309,5043
20210628,울산광역시,\N,\N,22332,9894,10695,5688
20210628,세종특별자치시,\N,\N,28051,12185,14411,8032
20210628,서울특별시,\N,\N,21330,8018,11630,5356
20210628,부산광역시,\N,\N,21821,8292,10928,5062
20210628,대전광역시,\N,\N,23455,9631,11854,6033
20210628,대구광역시,\N,\N,22753,9671,10588,5290
20210628,광주광역시,\N,\N,25158,9398,11578,5438
20210628,경상북도,\N,\N,26128,10896,12730,6339
20210628,경상남도,\N,\N,25311,10086,11632,5634
20210628,경기도,\N,\N,25337,9335,12152,5634
20210628,강원도,\N,\N,26263,9816,13712,6415
20210628,\N,0,\N,5340,4861,3321,3548
20210628,\N,10,\N,8962,5012,6124,3601
20210628,\N,20,\N,21413,9158,14679,7106
20210628,\N,30,\N,26309,10726,13125,6842
20210628,\N,40,\N,29365,10758,13204,6288
20210628,\N,50,\N,31491,11584,13999,6392
20210628,\N,60,\N,26584,9198,12200,5068
20210628,\N,70,\N,15395,4758,7595,2727
20210628,\N,\N,1,31112,10802,14505,6438
20210628,\N,\N,2,17234,7776,9492,4965
20210628,\N,\N,\N,24257,9307,12029,5710
20210705,충청북도,\N,\N,24478,10716,11235,6090
20210705,충청남도,\N,\N,25404,11227,12009,6610
20210705,제주특별자치도,\N,\N,26374,10548,20206,8642
20210705,전라북도,\N,\N,24004,10723,11373,5919
20210705,전라남도,\N,\N,23058,11071,12280,6465
20210705,인천광역시,\N,\N,22593,8764,10690,5181
20210705,울산광역시,\N,\N,19917,10289,9741,5675
20210705,세종특별자치시,\N,\N,26531,12335,13691,7727
20210705,서울특별시,\N,\N,20330,8307,10906,5473
20210705,부산광역시,\N,\N,19177,8839,9787,5005
20210705,대전광역시,\N,\N,21833,10128,11002,6048
20210705,대구광역시,\N,\N,20658,10120,9663,5357
20210705,광주광역시,\N,\N,20785,10349,10086,5601
20210705,경상북도,\N,\N,24043,11220,11699,6300
20210705,경상남도,\N,\N,22259,10552,10473,5539
20210705,경기도,\N,\N,24259,9561,11473,5694
20210705,강원도,\N,\N,24946,9958,13229,6359
20210705,\N,0,\N,4706,5445,2908,3820
20210705,\N,10,\N,8410,5524,5176,3670
20210705,\N,20,\N,19623,9416,13239,6960
20210705,\N,30,\N,24827,11009,12525,6838
20210705,\N,40,\N,27890,11247,12719,6403
20210705,\N,50,\N,29411,11978,13204,6416
20210705,\N,60,\N,24161,9473,11158,5047
20210705,\N,70,\N,13503,5232,6667,2890
20210705,\N,\N,1,29173,11329,13680,6536
20210705,\N,\N,2,15778,8008,8626,4924
20210705,\N,\N,\N,22559,9689,11185,5740
20210712,충청북도,\N,\N,24774,10753,11398,6129
20210712,충청남도,\N,\N,25485,10926,12000,6518
20210712,제주특별자치도,\N,\N,26721,9734,18821,8058
20210712,전라북도,\N,\N,25141,10399,11541,5709
20210712,전라남도,\N,\N,24960,10449,12197,6012
20210712,인천광역시,\N,\N,21918,8711,10789,5291
20210712,울산광역시,\N,\N,21283,10084,9901,5489
20210712,세종특별자치시,\N,\N,26306,12245,13511,7955
20210712,서울특별시,\N,\N,19576,8326,11019,5657
20210712,부산광역시,\N,\N,20577,8580,10068,5013
20210712,대전광역시,\N,\N,22261,9932,11199,5998
20210712,대구광역시,\N,\N,21984,10173,10073,5498
20210712,광주광역시,\N,\N,22346,10205,10375,5437
20210712,경상북도,\N,\N,25127,11051,11828,6134
20210712,경상남도,\N,\N,23874,9874,10608,5178
20210712,경기도,\N,\N,23544,9529,11616,5784
20210712,강원도,\N,\N,23763,9404,12501,5910
20210712,\N,0,\N,4878,5024,3422,3823
20210712,\N,10,\N,8106,5477,5366,4038
20210712,\N,20,\N,19638,9340,13129,6840
20210712,\N,30,\N,24721,10976,12645,6856
20210712,\N,40,\N,28017,11208,12900,6517
20210712,\N,50,\N,29724,11765,13276,6321
20210712,\N,60,\N,24532,9167,11267,4898
20210712,\N,70,\N,13657,4781,6723,2657
20210712,\N,\N,1,29533,11222,13863,6533
20210712,\N,\N,2,15634,7802,8648,4901
20210712,\N,\N,\N,22670,9533,11288,5727
20210719,충청북도,\N,\N,25008,10439,12049,6096
20210719,충청남도,\N,\N,25666,10842,12512,6659
20210719,제주특별자치도,\N,\N,26049,9674,19927,8438
20210719,전라북도,\N,\N,25089,10380,11908,5842
20210719,전라남도,\N,\N,24845,10340,12555,6134
20210719,인천광역시,\N,\N,22291,8638,11343,5365
20210719,울산광역시,\N,\N,21364,10092,10095,5617
20210719,세종특별자치시,\N,\N,27044,11906,15234,7940
20210719,서울특별시,\N,\N,19908,8315,11488,5839
20210719,부산광역시,\N,\N,20821,8476,10662,5002
20210719,대전광역시,\N,\N,22364,9806,11576,6101
20210719,대구광역시,\N,\N,22405,10138,10802,5529
20210719,광주광역시,\N,\N,22436,10414,10742,5741
20210719,경상북도,\N,\N,25415,11103,12242,6258
20210719,경상남도,\N,\N,23539,9916,10705,5287
20210719,경기도,\N,\N,23882,9447,12020,5928
20210719,강원도,\N,\N,23494,9232,12914,6080
20210719,\N,0,\N,6188,5545,5485,5161
20210719,\N,10,\N,9278,5581,7501,4411
20210719,\N,20,\N,19430,9375,12756,6781
20210719,\N,30,\N,24915,11105,13029,7242
20210719,\N,40,\N,28517,11234,13852,6797
20210719,\N,50,\N,29700,11463,13390,6178
20210719,\N,60,\N,24370,8930,11179,4818
20210719,\N,70,\N,13547,4628,6704,2619
20210719,\N,\N,1,29628,11095,14162,6569
20210719,\N,\N,2,15962,7830,9259,5125
20210719,\N,\N,\N,22879,9482,11741,5856
20210726,충청북도,\N,\N,25272,11000,12688,7078
20210726,충청남도,\N,\N,26153,11403,13675,7925
20210726,제주특별자치도,\N,\N,26254,9777,22506,9186
20210726,전라북도,\N,\N,25435,10548,12882,6379
20210726,전라남도,\N,\N,24948,10597,13380,6759
20210726,인천광역시,\N,\N,22962,9934,12435,7387
20210726,울산광역시,\N,\N,21853,11304,10920,7677
20210726,세종특별자치시,\N,\N,27324,12287,16003,8931
20210726,서울특별시,\N,\N,20639,8892,12793,6914
20210726,부산광역시,\N,\N,21090,9374,11114,6270
20210726,대전광역시,\N,\N,22912,10156,12741,6799
20210726,대구광역시,\N,\N,22942,10987,11507,6719
20210726,광주광역시,\N,\N,23183,10979,11884,6796
20210726,경상북도,\N,\N,25812,11302,13125,6969
20210726,경상남도,\N,\N,24176,10922,11822,6758
20210726,경기도,\N,\N,24800,10504,13563,7671
20210726,강원도,\N,\N,23507,9326,13661,6434
20210726,\N,0,\N,9095,6738,11077,7623
20210726,\N,10,\N,10304,6981,8937,6187
20210726,\N,20,\N,20067,9776,13501,7687
20210726,\N,30,\N,26246,11899,15276,8789
20210726,\N,40,\N,29530,12367,15572,8610
20210726,\N,50,\N,29513,12190,13714,7446
20210726,\N,60,\N,24451,9343,11633,5605
20210726,\N,70,\N,13582,4695,6928,2841
20210726,\N,\N,1,29966,11755,15062,7841
20210726,\N,\N,2,16868,8662,10691,6420
20210726,\N,\N,\N,23499,10228,12904,7139
20210802,충청북도,\N,\N,26228,10574,14574,6385
20210802,충청남도,\N,\N,27650,11192,16313,7031
20210802,제주특별자치도,\N,\N,26017,10219,23644,9686
20210802,전라북도,\N,\N,25530,10521,13806,6092
20210802,전라남도,\N,\N,25526,10368,14717,6477
20210802,인천광역시,\N,\N,24572,9157,14973,5772
20210802,울산광역시,\N,\N,27102,9888,18112,6316
20210802,세종특별자치시,\N,\N,28048,12018,17335,8122
20210802,서울특별시,\N,\N,21223,8828,13795,6221
20210802,부산광역시,\N,\N,21807,8403,12808,5271
20210802,대전광역시,\N,\N,23196,10178,13460,6438
20210802,대구광역시,\N,\N,24183,10076,13210,5755
20210802,광주광역시,\N,\N,24914,10572,14228,6237
20210802,경상북도,\N,\N,26686,10867,14843,6499
20210802,경상남도,\N,\N,26234,9677,14673,5576
20210802,경기도,\N,\N,26074,9907,15727,6325
20210802,강원도,\N,\N,23855,9451,14555,6462
20210802,\N,0,\N,10990,6371,13161,6075
20210802,\N,10,\N,12501,6227,10880,4861
20210802,\N,20,\N,21415,9459,15474,7074
20210802,\N,30,\N,27587,11264,17671,7588
20210802,\N,40,\N,30545,11488,17760,7231
20210802,\N,50,\N,30996,11693,16167,6620
20210802,\N,60,\N,24699,9168,12783,5115
20210802,\N,70,\N,13390,4886,7081,2770
20210802,\N,\N,1,30405,11250,16943,6924
20210802,\N,\N,2,18688,8198,12608,5510
20210802,\N,\N,\N,24621,9743,14803,6226
20210809,충청북도,\N,\N,25321,11339,12607,6836
20210809,충청남도,\N,\N,26180,11908,13333,7561
20210809,제주특별자치도,\N,\N,25933,9542,22676,10089
20210809,전라북도,\N,\N,25227,11150,12664,6597
20210809,전라남도,\N,\N,25150,10658,13626,6859
20210809,인천광역시,\N,\N,23142,10118,12066,6537
20210809,울산광역시,\N,\N,21438,9712,11103,5963
20210809,세종특별자치시,\N,\N,27688,13464,15717,9278
20210809,서울특별시,\N,\N,21381,9830,12997,7268
20210809,부산광역시,\N,\N,20627,8771,11038,5700
20210809,대전광역시,\N,\N,23110,11301,12379,7314
20210809,대구광역시,\N,\N,22168,10252,10838,5867
20210809,광주광역시,\N,\N,23349,10981,11960,6541
20210809,경상북도,\N,\N,25546,10878,13083,6676
20210809,경상남도,\N,\N,23665,10058,11497,5805
20210809,경기도,\N,\N,25055,11028,13188,7264
20210809,강원도,\N,\N,24192,9920,14198,6926
20210809,\N,0,\N,7881,6770,8560,6515
20210809,\N,10,\N,10270,6680,8167,5195
20210809,\N,20,\N,20567,10398,14038,8185
20210809,\N,30,\N,25898,12353,14595,8714
20210809,\N,40,\N,29398,12464,15209,8081
20210809,\N,50,\N,30276,12463,14268,7145
20210809,\N,60,\N,24644,9580,11665,5409
20210809,\N,70,\N,13566,4941,6747,2820
20210809,\N,\N,1,30187,11942,15145,7561
20210809,\N,\N,2,16905,8965,10327,6191
20210809,\N,\N,\N,23631,10473,12767,6884
20210816,충청북도,\N,\N,19859,14541,9612,8239
20210816,충청남도,\N,\N,20553,15389,10105,8940
20210816,제주특별자치도,\N,\N,20971,13268,18080,13778
20210816,전라북도,\N,\N,20125,14781,9844,8216
20210816,전라남도,\N,\N,19913,14367,10456,8640
20210816,인천광역시,\N,\N,18023,12405,9067,7256
20210816,울산광역시,\N,\N,16389,13090,8236,7358
20210816,세종특별자치시,\N,\N,21106,16511,11423,10329
20210816,서울특별시,\N,\N,16342,12018,9455,7999
20210816,부산광역시,\N,\N,16302,11650,8589,6966
20210816,대전광역시,\N,\N,18266,14170,9664,8513
20210816,대구광역시,\N,\N,17507,13586,8423,7280
20210816,광주광역시,\N,\N,18251,14059,9134,7852
20210816,경상북도,\N,\N,19961,15171,10060,8591
20210816,경상남도,\N,\N,18836,13445,8991,7316
20210816,경기도,\N,\N,19446,13538,9866,8034
20210816,강원도,\N,\N,18754,13930,10931,9102
20210816,\N,0,\N,5472,7046,5882,6390
20210816,\N,10,\N,6754,7105,5122,5165
20210816,\N,20,\N,16304,13521,11063,10054
20210816,\N,30,\N,20421,15554,11199,9957
20210816,\N,40,\N,22810,15593,11216,9009
20210816,\N,50,\N,23502,16180,10767,8546
20210816,\N,60,\N,19719,13106,9194,6903
20210816,\N,70,\N,10940,6913,5387,3791
20210816,\N,\N,1,23820,15715,11645,9073
20210816,\N,\N,2,12890,10956,7586,6979
20210816,\N,\N,\N,18423,13365,9640,8039
20210823,충청북도,\N,\N,22818,10512,11008,5882
20210823,충청남도,\N,\N,23806,10963,11708,6285
20210823,제주특별자치도,\N,\N,24383,10438,21330,9484
20210823,전라북도,\N,\N,22804,10094,11171,5597
20210823,전라남도,\N,\N,22947,10366,12145,6097
20210823,인천광역시,\N,\N,21251,9102,10554,5229
20210823,울산광역시,\N,\N,19522,10046,9820,5577
20210823,세종특별자치시,\N,\N,24611,11747,13310,7244
20210823,서울특별시,\N,\N,19221,8606,10807,5427
20210823,부산광역시,\N,\N,19129,8888,10045,5211
20210823,대전광역시,\N,\N,20668,9773,10879,5768
20210823,대구광역시,\N,\N,20357,9753,9697,5211
20210823,광주광역시,\N,\N,21012,9793,10607,5476
20210823,경상북도,\N,\N,23570,10975,11790,6129
20210823,경상남도,\N,\N,21717,10239,10562,5535
20210823,경기도,\N,\N,22792,9782,11319,5650
20210823,강원도,\N,\N,22465,9962,12991,6388
20210823,\N,0,\N,4782,4810,4729,3674
20210823,\N,10,\N,7464,4940,5425,3322
20210823,\N,20,\N,19454,9798,13530,7223
20210823,\N,30,\N,24039,11202,12955,6935
20210823,\N,40,\N,26608,11171,12635,6204
20210823,\N,50,\N,27881,12046,12772,6346
20210823,\N,60,\N,22560,9423,10525,4937
20210823,\N,70,\N,12643,5109,6310,2754
20210823,\N,\N,1,27986,11374,13614,6479
20210823,\N,\N,2,14888,7945,8596,4844
20210823,\N,\N,\N,21514,9680,11135,5671
20210830,충청북도,\N,\N,23748,11425,11221,6192
20210830,충청남도,\N,\N,24539,11775,11816,6622
20210830,제주특별자치도,\N,\N,25372,10390,18930,8495
20210830,전라북도,\N,\N,24015,10836,11426,5778
20210830,전라남도,\N,\N,23633,10619,12240,6127
20210830,인천광역시,\N,\N,21519,9895,10599,5595
20210830,울산광역시,\N,\N,19762,10698,9809,5893
20210830,세종특별자치시,\N,\N,25176,12593,13331,7571
20210830,서울특별시,\N,\N,19513,9393,10654,5708
20210830,부산광역시,\N,\N,19681,9507,10057,5390
20210830,대전광역시,\N,\N,21339,10650,10973,6059
20210830,대구광역시,\N,\N,20861,10518,9815,5439
20210830,광주광역시,\N,\N,21561,10367,10571,5620
20210830,경상북도,\N,\N,24106,11618,12052,6357
20210830,경상남도,\N,\N,22581,10606,10722,5619
20210830,경기도,\N,\N,23259,10694,11336,6048
20210830,강원도,\N,\N,22893,10575,12793,6577
20210830,\N,0,\N,4481,5140,3525,3524
20210830,\N,10,\N,7211,5114,5312,3338
20210830,\N,20,\N,18768,9757,13417,7060
20210830,\N,30,\N,24267,11982,12606,7136
20210830,\N,40,\N,27168,12033,12480,6540
20210830,\N,50,\N,29108,13123,13067,6812
20210830,\N,60,\N,23863,10646,10900,5501
20210830,\N,70,\N,13649,5845,6601,3051
20210830,\N,\N,1,28742,12424,13729,6924
20210830,\N,\N,2,15166,8360,8468,4918
20210830,\N,\N,\N,22035,10416,11130,5933
20210906,충청북도,\N,\N,24338,11694,11294,6224
20210906,충청남도,\N,\N,24851,12032,11843,6639
20210906,제주특별자치도,\N,\N,25551,11081,18406,8391
20210906,전라북도,\N,\N,24341,11609,11259,5959
20210906,전라남도,\N,\N,24013,11489,11970,6310
20210906,인천광역시,\N,\N,21850,9987,10448,5458
20210906,울산광역시,\N,\N,20257,11166,9662,5919
20210906,세종특별자치시,\N,\N,25621,12915,13548,7667
20210906,서울특별시,\N,\N,19839,9517,10503,5618
20210906,부산광역시,\N,\N,20172,9870,9953,5316
20210906,대전광역시,\N,\N,21467,10888,10866,6047
20210906,대구광역시,\N,\N,21649,10921,9909,5487
20210906,광주광역시,\N,\N,21992,11086,10506,5767
20210906,경상북도,\N,\N,25098,12105,12191,6413
20210906,경상남도,\N,\N,23189,11179,10567,5642
20210906,경기도,\N,\N,23683,10836,11249,5954
20210906,강원도,\N,\N,23303,10990,12741,6535
20210906,\N,0,\N,4324,5751,2616,3618
20210906,\N,10,\N,7298,5244,4717,3177
20210906,\N,20,\N,18565,10047,12767,6938
20210906,\N,30,\N,24693,12245,12524,7103
20210906,\N,40,\N,27584,12194,12408,6419
20210906,\N,50,\N,29395,13264,12984,6694
20210906,\N,60,\N,25326,11292,11511,5684
20210906,\N,70,\N,14330,6453,6821,3309
20210906,\N,\N,1,29360,12758,13755,6888
20210906,\N,\N,2,15443,8634,8257,4892
20210906,\N,\N,\N,22485,10721,11039,5902
20210913,충청북도,\N,\N,25623,11581,11399,7928
20210913,충청남도,\N,\N,26390,12356,12137,9636
20210913,제주특별자치도,\N,\N,22538,12794,18147,13256
20210913,전라북도,\N,\N,25812,11291,11239,7060
20210913,전라남도,\N,\N,24815,11823,11945,8098
20210913,인천광역시,\N,\N,22998,11091,10545,8520
20210913,울산광역시,\N,\N,20570,11842,9446,8104
20210913,세종특별자치시,\N,\N,26944,14245,13446,11815
20210913,서울특별시,\N,\N,21120,11101,10872,9847
20210913,부산광역시,\N,\N,19952,9815,9531,6706
20210913,대전광역시,\N,\N,22482,10965,10702,8233
20210913,대구광역시,\N,\N,22050,10193,9524,6044
20210913,광주광역시,\N,\N,22656,11204,10163,7193
20210913,경상북도,\N,\N,25653,11675,11799,7708
20210913,경상남도,\N,\N,23531,11381,10357,6991
20210913,경기도,\N,\N,24965,12183,11404,9634
20210913,강원도,\N,\N,25203,11346,12907,8911
20210913,\N,0,\N,4995,7935,2923,8207
20210913,\N,10,\N,8023,7906,4610,7295
20210913,\N,20,\N,20189,11689,13027,11168
20210913,\N,30,\N,25875,13927,12825,11644
20210913,\N,40,\N,28520,13605,12482,10224
20210913,\N,50,\N,30328,13106,12882,8364
20210913,\N,60,\N,25968,10062,11254,5994
20210913,\N,70,\N,14936,5572,6886,3363
20210913,\N,\N,1,30479,13182,13744,9686
20210913,\N,\N,2,16249,9707,8340,7675
20210913,\N,\N,\N,23449,11465,11074,8692
20210920,충청북도,\N,\N,10256,27336,5100,18467
20210920,충청남도,\N,\N,10557,28910,5537,21477
20210920,제주특별자치도,\N,\N,11393,28609,9495,29496
20210920,전라북도,\N,\N,10248,27390,5024,17328
20210920,전라남도,\N,\N,10364,27719,5530,19001
20210920,인천광역시,\N,\N,9201,24582,4880,18503
20210920,울산광역시,\N,\N,9158,28475,4924,20101
20210920,세종특별자치시,\N,\N,10812,33319,6083,26361
20210920,서울특별시,\N,\N,8602,24676,5299,21221
20210920,부산광역시,\N,\N,8435,23248,4495,16537
20210920,대전광역시,\N,\N,8965,26894,4799,19664
20210920,대구광역시,\N,\N,8819,25309,4224,15677
20210920,광주광역시,\N,\N,9746,27796,4674,18108
20210920,경상북도,\N,\N,10246,28050,5313,18702
20210920,경상남도,\N,\N,9889,27034,4810,17335
20210920,경기도,\N,\N,9982,27019,5378,20825
20210920,강원도,\N,\N,10056,26318,5785,19912
20210920,\N,0,\N,2740,17623,2385,17110
20210920,\N,10,\N,3632,18763,2553,16557
20210920,\N,20,\N,8663,27004,6212,24340
20210920,\N,30,\N,10551,30980,6178,24665
20210920,\N,40,\N,11357,30522,5764,22646
20210920,\N,50,\N,12107,31033,5766,20332
20210920,\N,60,\N,10431,23764,5092,14835
20210920,\N,70,\N,6130,12724,3208,8251
20210920,\N,\N,1,12072,29793,6144,21595
20210920,\N,\N,2,6963,22879,4218,17726
20210920,\N,\N,\N,9547,26376,5192,19683
20210927,충청북도,\N,\N,24558,12188,11314,6921
20210927,충청남도,\N,\N,25085,12333,11798,7358
20210927,제주특별자치도,\N,\N,27633,11354,18980,9352
20210927,전라북도,\N,\N,25139,11966,11829,6671
20210927,전라남도,\N,\N,25032,11821,12645,7032
20210927,인천광역시,\N,\N,22224,10233,10740,6170
20210927,울산광역시,\N,\N,21147,11545,10301,6696
20210927,세종특별자치시,\N,\N,25800,13626,13311,8747
20210927,서울특별시,\N,\N,20112,9908,10577,6485
20210927,부산광역시,\N,\N,21023,10230,10775,6192
20210927,대전광역시,\N,\N,21958,11598,10962,7045
20210927,대구광역시,\N,\N,22065,11606,10315,6382
20210927,광주광역시,\N,\N,22642,11684,10919,6678
20210927,경상북도,\N,\N,25001,12287,12003,6965
20210927,경상남도,\N,\N,24081,11893,11212,6500
20210927,경기도,\N,\N,23918,11160,11439,6788
20210927,강원도,\N,\N,23998,11232,12886,7197
20210927,\N,0,\N,4628,6686,2701,5128
20210927,\N,10,\N,7653,5623,4440,3835
20210927,\N,20,\N,19060,10328,12384,7581
20210927,\N,30,\N,24892,13040,12620,8389
20210927,\N,40,\N,27961,12933,12751,7587
20210927,\N,50,\N,29677,13478,13433,7368
20210927,\N,60,\N,26048,11494,12249,6288
20210927,\N,70,\N,15095,6176,7561,3442
20210927,\N,\N,1,29766,12697,13979,7427
20210927,\N,\N,2,15912,9499,8556,5986
20210927,\N,\N,\N,22918,11117,11299,6715
20211004,충청북도,\N,\N,19963,17944,9496,10231
20211004,충청남도,\N,\N,20536,18200,9975,10913
20211004,제주특별자치도,\N,\N,22010,16669,16574,13959
20211004,전라북도,\N,\N,20765,18169,9781,10055
20211004,전라남도,\N,\N,20446,17979,10445,10674
20211004,인천광역시,\N,\N,18082,14765,9043,9243
20211004,울산광역시,\N,\N,17551,17181,8589,10067
20211004,세종특별자치시,\N,\N,21320,20457,11207,13118
20211004,서울특별시,\N,\N,16490,14402,9132,9860
20211004,부산광역시,\N,\N,17378,15505,8936,9369
20211004,대전광역시,\N,\N,18174,17257,9312,10426
20211004,대구광역시,\N,\N,18288,17160,8580,9354
20211004,광주광역시,\N,\N,18812,17720,9065,10208
20211004,경상북도,\N,\N,20476,18324,9969,10364
20211004,경상남도,\N,\N,19971,17825,9276,9677
20211004,경기도,\N,\N,19492,16169,9677,10103
20211004,강원도,\N,\N,19020,16241,10763,10586
20211004,\N,0,\N,4085,10385,2616,8185
20211004,\N,10,\N,6644,8757,4046,6244
20211004,\N,20,\N,15609,14752,10542,11055
20211004,\N,30,\N,20466,18659,10766,12248
20211004,\N,40,\N,22959,19005,10757,11344
20211004,\N,50,\N,24540,20250,11369,11184
20211004,\N,60,\N,20963,16884,10028,9353
20211004,\N,70,\N,11820,9338,6045,5304
20211004,\N,\N,1,24256,18691,11684,10992
20211004,\N,\N,2,13158,13984,7319,9095
20211004,\N,\N,\N,18771,16365,9527,10054
20211011,충청북도,\N,\N,20276,16431,9580,9001
20211011,충청남도,\N,\N,20859,17193,10248,9825
20211011,제주특별자치도,\N,\N,21610,15967,15674,12613
20211011,전라북도,\N,\N,20730,16302,9900,8866
20211011,전라남도,\N,\N,20473,16503,10483,9561
20211011,인천광역시,\N,\N,18786,13995,9122,7994
20211011,울산광역시,\N,\N,17618,15424,8577,8644
20211011,세종특별자치시,\N,\N,21673,18453,11393,11168
20211011,서울특별시,\N,\N,17177,13559,9197,8351
20211011,부산광역시,\N,\N,17287,13430,8741,7759
20211011,대전광역시,\N,\N,18299,15101,9319,8732
20211011,대구광역시,\N,\N,18010,14490,8377,7672
20211011,광주광역시,\N,\N,18495,15283,8913,8427
20211011,경상북도,\N,\N,20518,16638,10032,9245
20211011,경상남도,\N,\N,19889,15639,9220,8326
20211011,경기도,\N,\N,20174,15289,9792,8693
20211011,강원도,\N,\N,20073,16034,11017,9834
20211011,\N,0,\N,3992,7735,2389,5284
20211011,\N,10,\N,6779,7708,3814,4823
20211011,\N,20,\N,15647,13827,10067,9603
20211011,\N,30,\N,20611,16954,10673,10310
20211011,\N,40,\N,23172,17154,10751,9489
20211011,\N,50,\N,25253,19111,11709,10132
20211011,\N,60,\N,21621,15807,10343,8470
20211011,\N,70,\N,12644,8589,6407,4764
20211011,\N,\N,1,24642,17405,11693,9658
20211011,\N,\N,2,13526,12643,7389,7641
20211011,\N,\N,\N,19148,15051,9565,8661
20211018,충청북도,\N,\N,25366,12339,11795,6891
20211018,충청남도,\N,\N,26114,12664,12491,7346
20211018,제주특별자치도,\N,\N,27859,11892,19888,9311
20211018,전라북도,\N,\N,26150,12263,12144,6649
20211018,전라남도,\N,\N,25792,12456,12744,7139
20211018,인천광역시,\N,\N,23377,10356,11416,5982
20211018,울산광역시,\N,\N,22412,12065,10727,6672
20211018,세종특별자치시,\N,\N,27162,13876,13933,8470
20211018,서울특별시,\N,\N,21302,9739,11310,5983
20211018,부산광역시,\N,\N,21612,10376,10841,5972
20211018,대전광역시,\N,\N,23028,11536,11480,6705
20211018,대구광역시,\N,\N,22963,11344,10547,5973
20211018,광주광역시,\N,\N,23507,11985,11173,6565
20211018,경상북도,\N,\N,25868,12684,12341,7029
20211018,경상남도,\N,\N,25028,12059,11506,6358
20211018,경기도,\N,\N,25147,11214,12146,6483
20211018,강원도,\N,\N,25007,11622,13520,7236
20211018,\N,0,\N,4986,6027,2901,4008
20211018,\N,10,\N,8657,5999,4620,3695
20211018,\N,20,\N,19707,10091,12250,6964
20211018,\N,30,\N,25725,12448,13115,7492
20211018,\N,40,\N,28953,12739,13299,7117
20211018,\N,50,\N,31656,14349,14600,7752
20211018,\N,60,\N,26999,11840,12966,6401
20211018,\N,70,\N,15725,6471,7989,3587
20211018,\N,\N,1,30781,12863,14421,7237
20211018,\N,\N,2,17008,9539,9195,5698
20211018,\N,\N,\N,23972,11220,11837,6476
20211025,충청북도,\N,\N,26252,12690,12148,7128
20211025,충청남도,\N,\N,26761,12882,12895,7614
20211025,제주특별자치도,\N,\N,28642,11962,20241,9702
20211025,전라북도,\N,\N,26887,12604,12517,6913
20211025,전라남도,\N,\N,26607,12994,13257,7528
20211025,인천광역시,\N,\N,23876,10535,11639,6083
20211025,울산광역시,\N,\N,23164,12490,11116,6977
20211025,세종특별자치시,\N,\N,28424,14303,14588,8826
20211025,서울특별시,\N,\N,21854,9942,11554,6128
20211025,부산광역시,\N,\N,22244,10744,11182,6212
20211025,대전광역시,\N,\N,23673,11944,11869,7017
20211025,대구광역시,\N,\N,23493,11633,10798,6151
20211025,광주광역시,\N,\N,24066,12343,11476,6796
20211025,경상북도,\N,\N,26713,13348,12724,7357
20211025,경상남도,\N,\N,25653,12461,11695,6595
20211025,경기도,\N,\N,25686,11355,12396,6567
20211025,강원도,\N,\N,25936,11776,13903,7380
20211025,\N,0,\N,5141,6123,2973,4125
20211025,\N,10,\N,8895,6174,4912,3899
20211025,\N,20,\N,20694,10623,12810,7405
20211025,\N,30,\N,26024,12535,13066,7543
20211025,\N,40,\N,29414,12968,13468,7253
20211025,\N,50,\N,32267,14670,14853,7927
20211025,\N,60,\N,27944,12193,13452,6611
20211025,\N,70,\N,16742,6663,8593,3704
20211025,\N,\N,1,31409,13100,14682,7395
20211025,\N,\N,2,17631,9846,9525,5910
20211025,\N,\N,\N,24596,11491,12132,6661
20211101,충청북도,\N,\N,25886,12846,12006,7229
20211101,충청남도,\N,\N,26665,13284,12910,7849
20211101,제주특별자치도,\N,\N,28520,11795,20742,10479
20211101,전라북도,\N,\N,26880,13159,12538,7140
20211101,전라남도,\N,\N,26402,13402,13279,7853
20211101,인천광역시,\N,\N,23803,10914,11571,6342
20211101,울산광역시,\N,\N,23056,12729,11089,7173
20211101,세종특별자치시,\N,\N,27896,14685,14390,9105
20211101,서울특별시,\N,\N,21822,10334,11583,6382
20211101,부산광역시,\N,\N,22423,11225,11298,6521
20211101,대전광역시,\N,\N,23748,12270,11818,7140
20211101,대구광역시,\N,\N,23561,12106,10749,6363
20211101,광주광역시,\N,\N,24156,12649,11547,6943
20211101,경상북도,\N,\N,26772,13307,12730,7438
20211101,경상남도,\N,\N,25582,12811,11669,6814
20211101,경기도,\N,\N,25566,11654,12366,6774
20211101,강원도,\N,\N,25388,11925,13836,7554
20211101,\N,0,\N,5149,6716,3120,4528
20211101,\N,10,\N,8854,6261,4899,4007
20211101,\N,20,\N,20730,10848,12925,7628
20211101,\N,30,\N,26024,12948,13150,7865
20211101,\N,40,\N,29507,13294,13595,7529
20211101,\N,50,\N,32112,14912,14794,8108
20211101,\N,60,\N,27767,12622,13346,6794
20211101,\N,70,\N,16308,7255,8249,3928
20211101,\N,\N,1,31277,13403,14663,7616
20211101,\N,\N,2,17622,10202,9539,6138
20211101,\N,\N,\N,24526,11821,12130,6885
20211108,충청북도,\N,\N,24641,12227,11663,7088
20211108,충청남도,\N,\N,25428,12774,12429,7641
20211108,제주특별자치도,\N,\N,27135,12235,22271,10472
20211108,전라북도,\N,\N,24908,12306,11956,6915
20211108,전라남도,\N,\N,25301,13138,13193,7855
20211108,인천광역시,\N,\N,22678,10572,11133,6286
20211108,울산광역시,\N,\N,22359,12799,10942,7334
20211108,세종특별자치시,\N,\N,26907,13860,14053,8816
20211108,서울특별시,\N,\N,20882,9963,11158,6314
20211108,부산광역시,\N,\N,21668,11055,10878,6436
20211108,대전광역시,\N,\N,22496,11580,11259,6946
20211108,대구광역시,\N,\N,22730,11720,10444,6272
20211108,광주광역시,\N,\N,22483,12053,10876,6796
20211108,경상북도,\N,\N,25487,12887,12344,7357
20211108,경상남도,\N,\N,24699,12592,11384,6794
20211108,경기도,\N,\N,24521,11209,11923,6658
20211108,강원도,\N,\N,24519,11662,13559,7608
20211108,\N,0,\N,5067,6192,3107,4376
20211108,\N,10,\N,8350,5828,4891,3868
20211108,\N,20,\N,20451,10871,12799,7743
20211108,\N,30,\N,25455,12755,13034,7955
20211108,\N,40,\N,28503,12940,13275,7466
20211108,\N,50,\N,30597,14411,14197,7944
20211108,\N,60,\N,25853,11996,12525,6571
20211108,\N,70,\N,14781,6603,7640,3681
20211108,\N,\N,1,29974,13151,14185,7585
20211108,\N,\N,2,16809,9673,9255,5993
20211108,\N,\N,\N,23465,11432,11747,6798
20211115,충청북도,\N,\N,25996,12130,12253,7169
20211115,충청남도,\N,\N,26811,12371,12832,7543
20211115,제주특별자치도,\N,\N,28702,11764,20338,9742
20211115,전라북도,\N,\N,26810,11865,12456,6754
20211115,전라남도,\N,\N,26861,12622,13650,7706
20211115,인천광역시,\N,\N,23791,10111,11661,6086
20211115,울산광역시,\N,\N,22986,12307,11166,7122
20211115,세종특별자치시,\N,\N,28207,13894,14630,9029
20211115,서울특별시,\N,\N,21863,9634,11782,6254
20211115,부산광역시,\N,\N,22237,10754,11216,6412
20211115,대전광역시,\N,\N,23690,11316,11814,6921
20211115,대구광역시,\N,\N,23726,11866,10768,6342
20211115,광주광역시,\N,\N,24311,11715,11647,6743
20211115,경상북도,\N,\N,26823,12808,12858,7326
20211115,경상남도,\N,\N,25587,12314,11825,6810
20211115,경기도,\N,\N,25529,10930,12432,6591
20211115,강원도,\N,\N,25601,11508,14131,7633
20211115,\N,0,\N,5367,6013,3306,4362
20211115,\N,10,\N,8636,6434,5193,4323
20211115,\N,20,\N,21316,10743,13240,7788
20211115,\N,30,\N,26483,12349,13524,7819
20211115,\N,40,\N,29697,12790,13816,7526
20211115,\N,50,\N,31928,13950,14702,7779
20211115,\N,60,\N,27338,11304,13078,6216
20211115,\N,70,\N,15984,6079,8129,3448
20211115,\N,\N,1,31453,12865,14828,7532
20211115,\N,\N,2,17513,9393,9572,5919
20211115,\N,\N,\N,24560,11148,12229,6735
20211122,충청북도,\N,\N,25200,12100,11937,7101
20211122,충청남도,\N,\N,25965,12347,12509,7498
20211122,제주특별자치도,\N,\N,28185,11974,20181,9802
20211122,전라북도,\N,\N,25569,11636,12106,6629
20211122,전라남도,\N,\N,25689,12270,13268,7441
20211122,인천광역시,\N,\N,22977,9900,11105,5881
20211122,울산광역시,\N,\N,22478,11989,10813,6897
20211122,세종특별자치시,\N,\N,27367,13678,14091,8732
20211122,서울특별시,\N,\N,21020,9307,11066,5929
20211122,부산광역시,\N,\N,21732,10378,10736,6105
20211122,대전광역시,\N,\N,22834,11138,11353,6770
20211122,대구광역시,\N,\N,23039,11099,10347,5960
20211122,광주광역시,\N,\N,23201,11512,11141,6570
20211122,경상북도,\N,\N,25894,12303,12439,7136
20211122,경상남도,\N,\N,25001,11996,11488,6558
20211122,경기도,\N,\N,24835,10814,11928,6481
20211122,강원도,\N,\N,24968,11193,13760,7386
20211122,\N,0,\N,5049,5754,2970,4130
20211122,\N,10,\N,9333,6109,5224,3976
20211122,\N,20,\N,20776,10618,12740,7579
20211122,\N,30,\N,25816,12297,13005,7701
20211122,\N,40,\N,28947,12519,13338,7306
20211122,\N,50,\N,30828,13625,14159,7589
20211122,\N,60,\N,25839,10900,12313,5996
20211122,\N,70,\N,14818,5735,7616,3264
20211122,\N,\N,1,30573,12601,14287,7316
20211122,\N,\N,2,16845,9134,9128,5721
20211122,\N,\N,\N,23784,10886,11736,6527
20211129,충청북도,\N,\N,24432,11273,11523,6658
20211129,충청남도,\N,\N,25355,11760,12153,7120
20211129,제주특별자치도,\N,\N,27049,11440,19464,9290
20211129,전라북도,\N,\N,25016,11048,11769,6287
20211129,전라남도,\N,\N,24829,11338,12780,6909
20211129,인천광역시,\N,\N,21910,9018,10502,5308
20211129,울산광역시,\N,\N,21729,10910,10410,6268
20211129,세종특별자치시,\N,\N,26571,12686,13684,8173
20211129,서울특별시,\N,\N,19888,8545,10388,5428
20211129,부산광역시,\N,\N,20752,9329,10276,5495
20211129,대전광역시,\N,\N,21801,10167,10707,6147
20211129,대구광역시,\N,\N,21811,10090,9778,5365
20211129,광주광역시,\N,\N,22140,10378,10518,5881
20211129,경상북도,\N,\N,24697,11374,11843,6560
20211129,경상남도,\N,\N,23944,10982,10985,6022
20211129,경기도,\N,\N,23803,9983,11362,5955
20211129,강원도,\N,\N,23528,10363,12957,6876
20211129,\N,0,\N,4789,4980,2732,3541
20211129,\N,10,\N,8753,5206,4828,3344
20211129,\N,20,\N,19745,9694,12117,6942
20211129,\N,30,\N,24896,11516,12426,7210
20211129,\N,40,\N,27923,11574,12798,6763
20211129,\N,50,\N,29680,12713,13569,7077
20211129,\N,60,\N,24555,10093,11680,5529
20211129,\N,70,\N,13622,5106,7010,2867
20211129,\N,\N,1,29440,11712,13695,6814
20211129,\N,\N,2,15922,8301,8589,5162
20211129,\N,\N,\N,22754,10025,11170,5997
20211206,충청북도,\N,\N,24563,10929,11448,6406
20211206,충청남도,\N,\N,25417,11328,12030,6858
20211206,제주특별자치도,\N,\N,27382,10924,18802,8722
20211206,전라북도,\N,\N,25499,10787,11881,6177
20211206,전라남도,\N,\N,25072,11014,12659,6691
20211206,인천광역시,\N,\N,22340,8895,10622,5195
20211206,울산광역시,\N,\N,21203,10462,9952,5889
20211206,세종특별자치시,\N,\N,26148,12165,13315,7855
20211206,서울특별시,\N,\N,20363,8500,10409,5302
20211206,부산광역시,\N,\N,20652,9001,10135,5250
20211206,대전광역시,\N,\N,21971,10027,10753,6062
20211206,대구광역시,\N,\N,21832,9941,9830,5269
20211206,광주광역시,\N,\N,22592,10284,10610,5781
20211206,경상북도,\N,\N,24575,11183,11701,6403
20211206,경상남도,\N,\N,23877,10696,10799,5803
20211206,경기도,\N,\N,24122,9748,11428,5750
20211206,강원도,\N,\N,23601,10119,12932,6694
20211206,\N,0,\N,4568,5027,2582,3491
20211206,\N,10,\N,8559,4957,4542,3140
20211206,\N,20,\N,19634,9652,12011,6923
20211206,\N,30,\N,25086,11402,12453,7115
20211206,\N,40,\N,28172,11198,12807,6447
20211206,\N,50,\N,30157,12400,13649,6795
20211206,\N,60,\N,25071,9826,11746,5309
20211206,\N,70,\N,13865,5153,6911,2876
20211206,\N,\N,1,29829,11515,13777,6644
20211206,\N,\N,2,15975,8072,8458,4964
20211206,\N,\N,\N,22977,9813,11147,5813
20211213,충청북도,\N,\N,23905,9518,11211,5831
20211213,충청남도,\N,\N,24752,9751,11800,6175
20211213,제주특별자치도,\N,\N,26701,10119,18886,9207
20211213,전라북도,\N,\N,24492,9039,11573,5561
20211213,전라남도,\N,\N,24231,9590,12408,6140
20211213,인천광역시,\N,\N,21899,7358,10371,4444
20211213,울산광역시,\N,\N,20533,9316,9734,5356
20211213,세종특별자치시,\N,\N,25827,10673,13249,7245
20211213,서울특별시,\N,\N,19986,7210,10186,4686
20211213,부산광역시,\N,\N,20000,7963,9789,4724
20211213,대전광역시,\N,\N,21487,8703,10646,5508
20211213,대구광역시,\N,\N,21353,8854,9609,4764
20211213,광주광역시,\N,\N,21745,8566,10408,5128
20211213,경상북도,\N,\N,23915,9952,11464,5955
20211213,경상남도,\N,\N,23216,9708,10579,5374
20211213,경기도,\N,\N,23669,8244,11185,4995
20211213,강원도,\N,\N,22964,8747,12684,6133
20211213,\N,0,\N,4506,3758,2516,2694
20211213,\N,10,\N,8711,4802,4735,3313
20211213,\N,20,\N,19958,9370,12469,7105
20211213,\N,30,\N,24776,9884,12315,6290
20211213,\N,40,\N,27600,9661,12511,5671
20211213,\N,50,\N,29288,10495,13199,5871
20211213,\N,60,\N,23745,7867,11035,4368
20211213,\N,70,\N,12953,3873,6458,2297
20211213,\N,\N,1,29186,9934,13504,5944
20211213,\N,\N,2,15541,6957,8268,4449
20211213,\N,\N,\N,22437,8461,10914,5204
20211220,충청북도,\N,\N,24540,9217,11764,6003
20211220,충청남도,\N,\N,25325,9383,12298,6394
20211220,제주특별자치도,\N,\N,27666,8009,21524,9088
20211220,전라북도,\N,\N,24801,8923,12076,5801
20211220,전라남도,\N,\N,24979,8514,12949,6154
20211220,인천광역시,\N,\N,21985,7207,10479,4595
20211220,울산광역시,\N,\N,21039,8872,10043,5449
20211220,세종특별자치시,\N,\N,26364,10615,14167,7810
20211220,서울특별시,\N,\N,20291,7132,10593,5159
20211220,부산광역시,\N,\N,20516,7705,10287,5080
20211220,대전광역시,\N,\N,22136,8689,11350,6009
20211220,대구광역시,\N,\N,21791,8496,10033,4993
20211220,광주광역시,\N,\N,22447,8322,10957,5413
20211220,경상북도,\N,\N,24602,9532,12166,6183
20211220,경상남도,\N,\N,23773,9288,11007,5551
20211220,경기도,\N,\N,23785,8111,11275,5215
20211220,강원도,\N,\N,23173,7657,13075,6004
20211220,\N,0,\N,4913,4476,2935,3616
20211220,\N,10,\N,9190,5759,6082,4283
20211220,\N,20,\N,21421,9797,14765,8314
20211220,\N,30,\N,24940,9577,12331,6682
20211220,\N,40,\N,27801,9220,12592,5862
20211220,\N,50,\N,29345,9579,13063,5588
20211220,\N,60,\N,23896,7131,10815,4130
20211220,\N,70,\N,13350,3502,6483,2186
20211220,\N,\N,1,29448,9375,13810,6096
20211220,\N,\N,2,16015,6957,8732,4813
20211220,\N,\N,\N,22805,8179,11299,5462
20211227,충청북도,\N,\N,24267,10150,12483,6835
20211227,충청남도,\N,\N,24820,10545,13134,7430
20211227,제주특별자치도,\N,\N,25965,10225,21244,9476
20211227,전라북도,\N,\N,24049,10076,12440,6508
20211227,전라남도,\N,\N,23909,10234,13341,7019
20211227,인천광역시,\N,\N,21539,8064,11215,5474
20211227,울산광역시,\N,\N,21332,10296,11329,6722
20211227,세종특별자치시,\N,\N,26655,11894,15485,8860
20211227,서울특별시,\N,\N,20288,7903,12431,6147
20211227,부산광역시,\N,\N,20842,8657,11719,5852
20211227,대전광역시,\N,\N,22260,9806,12652,6935
20211227,대구광역시,\N,\N,21875,9760,11182,6028
20211227,광주광역시,\N,\N,22006,10045,11798,6451
20211227,경상북도,\N,\N,24421,10481,13037,6886
20211227,경상남도,\N,\N,23919,10406,12138,6429
20211227,경기도,\N,\N,23602,8885,12426,6093
20211227,강원도,\N,\N,22001,8647,13279,6633
20211227,\N,0,\N,6702,5639,5749,4900
20211227,\N,10,\N,9884,6821,7571,5248
20211227,\N,20,\N,21641,10196,17041,8845
20211227,\N,30,\N,25467,10631,14451,7669
20211227,\N,40,\N,27660,10538,13882,7030
20211227,\N,50,\N,28597,10817,13538,6667
20211227,\N,60,\N,22894,8074,11001,4932
20211227,\N,70,\N,12472,3986,6411,2488
20211227,\N,\N,1,28691,10306,14624,6989
20211227,\N,\N,2,16390,8006,10202,5708
20211227,\N,\N,\N,22610,9169,12438,6356
20220103,충청북도,\N,\N,25325,7480,12514,4429
20220103,충청남도,\N,\N,26547,7752,13351,4758
20220103,제주특별자치도,\N,\N,28664,7805,23436,7052
20220103,전라북도,\N,\N,25891,7575,12947,4397
20220103,전라남도,\N,\N,25763,7515,14027,4752
20220103,인천광역시,\N,\N,22860,6103,11453,3637
20220103,울산광역시,\N,\N,21810,7212,11169,4141
20220103,세종특별자치시,\N,\N,27048,8464,14685,5500
20220103,서울특별시,\N,\N,20370,5736,11301,3694
20220103,부산광역시,\N,\N,21767,6280,11769,3817
20220103,대전광역시,\N,\N,22778,6880,11949,4193
20220103,대구광역시,\N,\N,22785,6928,11232,3826
20220103,광주광역시,\N,\N,23020,6947,11854,4064
20220103,경상북도,\N,\N,25789,7803,13409,4646
20220103,경상남도,\N,\N,24979,7456,12316,4155
20220103,경기도,\N,\N,24672,6637,12203,4002
20220103,강원도,\N,\N,23931,6874,14162,4784
20220103,\N,0,\N,6216,3878,5508,3263
20220103,\N,10,\N,9891,4137,7415,3151
20220103,\N,20,\N,20866,6865,15277,5198
20220103,\N,30,\N,25708,7589,13344,4743
20220103,\N,40,\N,29051,7717,13851,4546
20220103,\N,50,\N,30425,8191,14015,4475
20220103,\N,60,\N,24985,6561,11783,3515
20220103,\N,70,\N,13730,3554,6855,1970
20220103,\N,\N,1,30486,7817,14819,4607
20220103,\N,\N,2,16517,5615,9691,3590
20220103,\N,\N,\N,23581,6728,12284,4104
20220110,충청북도,\N,\N,23254,10309,11692,6176
20220110,충청남도,\N,\N,24069,10587,12340,6500
20220110,제주특별자치도,\N,\N,25102,10939,23180,9687
20220110,전라북도,\N,\N,23202,10066,11820,5909
20220110,전라남도,\N,\N,22825,10077,12955,6471
20220110,인천광역시,\N,\N,21207,8371,10865,5045
20220110,울산광역시,\N,\N,20314,10136,10428,5920
20220110,세종특별자치시,\N,\N,25460,11541,14003,7540
20220110,서울특별시,\N,\N,18994,7908,10643,5136
20220110,부산광역시,\N,\N,20161,8739,10753,5253
20220110,대전광역시,\N,\N,21120,9474,11130,5780
20220110,대구광역시,\N,\N,20962,9436,10266,5209
20220110,광주광역시,\N,\N,20645,9224,11019,5521
20220110,경상북도,\N,\N,23654,10635,12334,6324
20220110,경상남도,\N,\N,22993,10245,11326,5749
20220110,경기도,\N,\N,23005,9132,11784,5574
20220110,강원도,\N,\N,22312,9416,13608,6555
20220110,\N,0,\N,6107,5243,5983,4493
20220110,\N,10,\N,9423,5703,7944,4420
20220110,\N,20,\N,19275,9618,13537,7161
20220110,\N,30,\N,23774,10486,12438,6585
20220110,\N,40,\N,27061,10666,13322,6372
20220110,\N,50,\N,28131,11218,13289,6209
20220110,\N,60,\N,22682,8854,10826,4763
20220110,\N,70,\N,12266,4568,6262,2547
20220110,\N,\N,1,28143,10682,13933,6361
20220110,\N,\N,2,15233,7737,9133,4961
20220110,\N,\N,\N,21764,9226,11561,5669
20220117,충청북도,\N,\N,23318,10434,11628,6104
20220117,충청남도,\N,\N,24045,10658,12117,6303
20220117,제주특별자치도,\N,\N,26599,10279,23086,9615
20220117,전라북도,\N,\N,23754,10072,11760,5740
20220117,전라남도,\N,\N,23647,10086,12866,6210
20220117,인천광역시,\N,\N,21162,8576,10709,4948
20220117,울산광역시,\N,\N,20756,10091,10587,5728
20220117,세종특별자치시,\N,\N,25736,11762,14150,7609
20220117,서울특별시,\N,\N,18905,8062,10435,4997
20220117,부산광역시,\N,\N,20432,8669,10702,5022
20220117,대전광역시,\N,\N,21378,9602,11127,5712
20220117,대구광역시,\N,\N,21120,9375,10154,5032
20220117,광주광역시,\N,\N,21396,9384,10939,5357
20220117,경상북도,\N,\N,23774,10562,12050,6036
20220117,경상남도,\N,\N,23322,10132,11267,5508
20220117,경기도,\N,\N,22755,9345,11516,5445
20220117,강원도,\N,\N,21906,9425,13182,6290
20220117,\N,0,\N,6073,5151,5729,4202
20220117,\N,10,\N,9206,5674,7582,4154
20220117,\N,20,\N,19319,9626,13190,6964
20220117,\N,30,\N,23842,10599,12370,6482
20220117,\N,40,\N,27050,10701,13162,6159
20220117,\N,50,\N,28194,11375,13121,6049
20220117,\N,60,\N,22885,9003,10710,4635
20220117,\N,70,\N,12519,4726,6243,2518
20220117,\N,\N,1,28223,10798,13764,6193
20220117,\N,\N,2,15279,7793,8959,4805
20220117,\N,\N,\N,21825,9313,11389,5507
20220124,충청북도,\N,\N,24191,9740,11680,7170
20220124,충청남도,\N,\N,25225,10608,12398,8693
20220124,제주특별자치도,\N,\N,27863,11835,22930,15530
20220124,전라북도,\N,\N,24347,9318,11489,6250
20220124,전라남도,\N,\N,24418,9940,12885,7591
20220124,인천광역시,\N,\N,22104,9378,10887,7615
20220124,울산광역시,\N,\N,21193,10286,10353,7495
20220124,세종특별자치시,\N,\N,26313,12351,14114,10881
20220124,서울특별시,\N,\N,19973,9486,10924,8991
20220124,부산광역시,\N,\N,20561,8394,10235,6014
20220124,대전광역시,\N,\N,21791,9311,10969,7314
20220124,대구광역시,\N,\N,21311,8458,9866,5221
20220124,광주광역시,\N,\N,21923,9310,10667,6316
20220124,경상북도,\N,\N,24314,9769,11981,6773
20220124,경상남도,\N,\N,23719,9870,11039,6473
20220124,경기도,\N,\N,23949,10421,11829,8748
20220124,강원도,\N,\N,23290,9566,13318,8056
20220124,\N,0,\N,6305,6796,5650,7828
20220124,\N,10,\N,9370,7654,7175,7493
20220124,\N,20,\N,20701,10595,14114,10530
20220124,\N,30,\N,25073,11886,12929,10584
20220124,\N,40,\N,27912,11745,13183,9542
20220124,\N,50,\N,28958,11011,12947,7473
20220124,\N,60,\N,23691,7943,10606,4953
20220124,\N,70,\N,13139,4186,6291,2699
20220124,\N,\N,1,29316,11159,13954,8770
20220124,\N,\N,2,15893,8339,8997,7026
20220124,\N,\N,\N,22681,9765,11504,7908
20220131,충청북도,\N,\N,8997,22174,4775,16264
20220131,충청남도,\N,\N,9440,23801,5249,19062
20220131,제주특별자치도,\N,\N,10420,25507,10678,32006
20220131,전라북도,\N,\N,8868,21499,4727,15034
20220131,전라남도,\N,\N,9095,22471,5570,17484
20220131,인천광역시,\N,\N,8215,19991,4606,16015
20220131,울산광역시,\N,\N,7969,24739,4473,18406
20220131,세종특별자치시,\N,\N,9979,28725,6101,24366
20220131,서울특별시,\N,\N,7516,20223,4800,18630
20220131,부산광역시,\N,\N,7589,20113,4273,14865
20220131,대전광역시,\N,\N,8127,22503,4589,17381
20220131,대구광역시,\N,\N,7876,21045,3965,13542
20220131,광주광역시,\N,\N,8052,22411,4478,16020
20220131,경상북도,\N,\N,9030,23257,5002,16489
20220131,경상남도,\N,\N,8846,23533,4598,15895
20220131,경기도,\N,\N,8930,22297,5068,18363
20220131,강원도,\N,\N,8721,21618,5566,17859
20220131,\N,0,\N,2639,15043,2984,16572
20220131,\N,10,\N,3838,18440,3261,17465
20220131,\N,20,\N,8079,23951,6255,22864
20220131,\N,30,\N,9450,25795,5741,21771
20220131,\N,40,\N,10292,25857,5603,20742
20220131,\N,50,\N,10699,25379,5339,17705
20220131,\N,60,\N,8696,17894,4324,11704
20220131,\N,70,\N,4625,8940,2481,6194
20220131,\N,\N,1,10722,24764,5769,19191
20220131,\N,\N,2,6135,18893,4013,15754
20220131,\N,\N,\N,8453,21860,4900,17491
20220207,충청북도,\N,\N,22935,10054,11302,5705
20220207,충청남도,\N,\N,23683,10244,11719,5973
20220207,제주특별자치도,\N,\N,25749,9839,20905,9091
20220207,전라북도,\N,\N,23036,9898,11523,5624
20220207,전라남도,\N,\N,22568,9822,12582,6085
20220207,인천광역시,\N,\N,20858,8183,10562,4809
20220207,울산광역시,\N,\N,19967,9327,10214,5434
20220207,세종특별자치시,\N,\N,24690,11078,13520,6859
20220207,서울특별시,\N,\N,18423,7678,9962,4817
20220207,부산광역시,\N,\N,19885,8189,10691,4944
20220207,대전광역시,\N,\N,20805,9194,10901,5407
20220207,대구광역시,\N,\N,20727,9138,10104,4948
20220207,광주광역시,\N,\N,21071,9496,11205,5554
20220207,경상북도,\N,\N,22903,10044,11684,5767
20220207,경상남도,\N,\N,22596,9746,11071,5395
20220207,경기도,\N,\N,22506,8930,11300,5214
20220207,강원도,\N,\N,22161,9244,13000,6055
20220207,\N,0,\N,4983,4771,4643,3869
20220207,\N,10,\N,8473,5312,6466,3877
20220207,\N,20,\N,18814,9085,13352,6740
20220207,\N,30,\N,22999,9965,12012,6115
20220207,\N,40,\N,26235,10219,12648,5887
20220207,\N,50,\N,27917,11127,13014,5943
20220207,\N,60,\N,23111,8871,10830,4640
20220207,\N,70,\N,12578,4623,6199,2525
20220207,\N,\N,1,27876,10436,13635,5999
20220207,\N,\N,2,14707,7397,8529,4613
20220207,\N,\N,\N,21365,8934,11111,5313
20220214,충청북도,\N,\N,22622,9695,11369,5625
20220214,충청남도,\N,\N,23280,10001,11856,5924
20220214,제주특별자치도,\N,\N,25167,8992,21610,8716
20220214,전라북도,\N,\N,22639,9595,11378,5530
20220214,전라남도,\N,\N,22593,9359,12632,5989
20220214,인천광역시,\N,\N,20672,7901,10755,4737
20220214,울산광역시,\N,\N,20153,9152,10423,5358
20220214,세종특별자치시,\N,\N,24599,10921,13552,6909
20220214,서울특별시,\N,\N,18520,7468,10560,4838
20220214,부산광역시,\N,\N,19715,8010,10416,4878
20220214,대전광역시,\N,\N,20655,8856,10929,5368
20220214,대구광역시,\N,\N,20793,8907,10132,4912
20220214,광주광역시,\N,\N,20668,8769,10905,5238
20220214,경상북도,\N,\N,23073,9929,11875,5778
20220214,경상남도,\N,\N,22726,9472,11202,5341
20220214,경기도,\N,\N,22340,8682,11436,5157
20220214,강원도,\N,\N,21759,9322,12982,6203
20220214,\N,0,\N,5501,4538,5019,3811
20220214,\N,10,\N,9016,5334,7201,4002
20220214,\N,20,\N,19050,8951,13567,6719
20220214,\N,30,\N,22945,9754,12080,6091
20220214,\N,40,\N,26295,9994,12969,5889
20220214,\N,50,\N,27792,10806,13156,5866
20220214,\N,60,\N,22427,8419,10729,4493
20220214,\N,70,\N,11894,4210,6073,2361
20220214,\N,\N,1,27658,10147,13762,5934
20220214,\N,\N,2,14747,7175,8755,4586
20220214,\N,\N,\N,21274,8677,11287,5268
20220221,충청북도,\N,\N,23264,10515,11694,6300
20220221,충청남도,\N,\N,24111,10745,12213,6617
20220221,제주특별자치도,\N,\N,25862,10811,20587,10160
20220221,전라북도,\N,\N,23739,10515,11859,6150
20220221,전라남도,\N,\N,23721,10773,13011,6881
20220221,인천광역시,\N,\N,20724,8357,10525,5112
20220221,울산광역시,\N,\N,20072,10296,10254,6301
20220221,세종특별자치시,\N,\N,25119,11769,14165,7884
20220221,서울특별시,\N,\N,18597,7920,10481,5372
20220221,부산광역시,\N,\N,19792,8483,10550,5280
20220221,대전광역시,\N,\N,21209,9700,11354,6036
20220221,대구광역시,\N,\N,20969,9697,10158,5339
20220221,광주광역시,\N,\N,21288,10078,10849,5974
20220221,경상북도,\N,\N,23433,10807,12048,6375
20220221,경상남도,\N,\N,22851,10330,11148,5921
20220221,경기도,\N,\N,22473,9215,11383,5717
20220221,강원도,\N,\N,22455,9694,13100,6563
20220221,\N,0,\N,5910,5257,5408,4378
20220221,\N,10,\N,9055,6063,7115,4648
20220221,\N,20,\N,19149,9344,13445,7286
20220221,\N,30,\N,23219,10425,12289,6848
20220221,\N,40,\N,26552,10928,12990,6606
20220221,\N,50,\N,28105,11684,13073,6499
20220221,\N,60,\N,22922,8937,10834,4865
20220221,\N,70,\N,12311,4562,6157,2545
20220221,\N,\N,1,28004,10868,13718,6559
20220221,\N,\N,2,14972,7814,8857,5119
20220221,\N,\N,\N,21559,9358,11314,5847
20220228,충청북도,\N,\N,18790,13588,9372,7734
20220228,충청남도,\N,\N,19364,14058,9765,8028
20220228,제주특별자치도,\N,\N,20320,13861,17180,13031
20220228,전라북도,\N,\N,19100,13720,9624,7638
20220228,전라남도,\N,\N,19037,13952,10944,8841
20220228,인천광역시,\N,\N,16367,10942,8350,6245
20220228,울산광역시,\N,\N,16334,13123,8790,7531
20220228,세종특별자치시,\N,\N,19912,15091,11259,9394
20220228,서울특별시,\N,\N,14669,10235,8298,6336
20220228,부산광역시,\N,\N,15353,10874,8286,6443
20220228,대전광역시,\N,\N,16708,12515,9036,7382
20220228,대구광역시,\N,\N,16850,12601,8121,6633
20220228,광주광역시,\N,\N,16956,12829,8951,7341
20220228,경상북도,\N,\N,19085,14234,9913,8063
20220228,경상남도,\N,\N,18287,13415,9198,7391
20220228,경기도,\N,\N,17864,11946,9029,6784
20220228,강원도,\N,\N,17940,12803,10621,8368
20220228,\N,0,\N,3912,5029,3074,3386
20220228,\N,10,\N,7174,6474,6743,5480
20220228,\N,20,\N,14963,12015,11717,9641
20220228,\N,30,\N,18295,13407,9619,7888
20220228,\N,40,\N,20868,13898,9815,7414
20220228,\N,50,\N,22639,15783,10400,8157
20220228,\N,60,\N,18745,12427,8738,6474
20220228,\N,70,\N,10261,6249,4978,3351
20220228,\N,\N,1,22389,14443,11081,8192
20220228,\N,\N,2,11832,9778,7057,6001
20220228,\N,\N,\N,17163,12134,9089,7107
20220307,충청북도,\N,\N,18614,13274,9320,7573
20220307,충청남도,\N,\N,19140,13666,9540,7856
20220307,제주특별자치도,\N,\N,20078,13870,15580,11816
20220307,전라북도,\N,\N,18996,13442,9405,7400
20220307,전라남도,\N,\N,18824,13629,10091,8145
20220307,인천광역시,\N,\N,16282,10649,8023,6004
20220307,울산광역시,\N,\N,15795,12332,7827,6784
20220307,세종특별자치시,\N,\N,19641,14504,11195,9148
20220307,서울특별시,\N,\N,14409,9814,7891,6032
20220307,부산광역시,\N,\N,15120,10341,7939,6084
20220307,대전광역시,\N,\N,16550,11955,8967,7147
20220307,대구광역시,\N,\N,16765,12234,7786,6324
20220307,광주광역시,\N,\N,16937,12642,8564,6996
20220307,경상북도,\N,\N,18796,13723,9583,7699
20220307,경상남도,\N,\N,17963,12740,8499,6769
20220307,경기도,\N,\N,17753,11615,8606,6498
20220307,강원도,\N,\N,17720,12365,10286,8078
20220307,\N,0,\N,3141,4879,2094,3131
20220307,\N,10,\N,6625,5780,5884,4604
20220307,\N,20,\N,14813,11424,11072,8923
20220307,\N,30,\N,18162,13138,9169,7600
20220307,\N,40,\N,20673,13352,9368,7057
20220307,\N,50,\N,22434,15206,10086,7857
20220307,\N,60,\N,18578,12197,8521,6356
20220307,\N,70,\N,10108,6255,4826,3373
20220307,\N,\N,1,22401,14063,10760,7863
20220307,\N,\N,2,11418,9340,6530,5636
20220307,\N,\N,\N,16969,11727,8668,6761
20220314,충청북도,\N,\N,22091,8784,10732,5177
20220314,충청남도,\N,\N,22963,9411,11184,5580
20220314,제주특별자치도,\N,\N,24331,9322,18013,7710
20220314,전라북도,\N,\N,22744,8854,10902,4997
20220314,전라남도,\N,\N,22738,9218,11826,5591
20220314,인천광역시,\N,\N,19986,7372,9674,4278
20220314,울산광역시,\N,\N,18988,8544,9121,4809
20220314,세종특별자치시,\N,\N,23152,9789,12414,6267
20220314,서울특별시,\N,\N,17632,6650,9252,4167
20220314,부산광역시,\N,\N,18367,7367,9288,4318
20220314,대전광역시,\N,\N,19698,8128,10215,4957
20220314,대구광역시,\N,\N,20096,8184,9151,4276
20220314,광주광역시,\N,\N,20545,8423,10003,4760
20220314,경상북도,\N,\N,22323,9086,10994,5232
20220314,경상남도,\N,\N,21680,8873,9999,4751
20220314,경기도,\N,\N,21604,7849,10303,4536
20220314,강원도,\N,\N,21121,7875,12017,5419
20220314,\N,0,\N,3674,3552,1938,2278
20220314,\N,10,\N,7973,4166,5472,2885
20220314,\N,20,\N,17522,8060,11770,6008
20220314,\N,30,\N,21845,9106,10860,5507
20220314,\N,40,\N,25015,9005,11321,4989
20220314,\N,50,\N,27401,10192,12449,5531
20220314,\N,60,\N,22677,8011,10630,4341
20220314,\N,70,\N,12209,3914,6011,2200
20220314,\N,\N,1,27090,9431,12784,5433
20220314,\N,\N,2,13841,6430,7549,3918
20220314,\N,\N,\N,20537,7947,10194,4684
20220321,충청북도,\N,\N,22753,9742,10619,5659
20220321,충청남도,\N,\N,23729,10146,11207,5987
20220321,제주특별자치도,\N,\N,24482,10092,17022,7856
20220321,전라북도,\N,\N,23622,9723,10872,5440
20220321,전라남도,\N,\N,23338,9840,11826,5893
20220321,인천광역시,\N,\N,20700,8120,10001,4662
20220321,울산광역시,\N,\N,19912,9855,9372,5382
20220321,세종특별자치시,\N,\N,23966,10819,12399,6762
20220321,서울특별시,\N,\N,18303,7621,9491,4725
20220321,부산광역시,\N,\N,19528,8413,9618,4830
20220321,대전광역시,\N,\N,20580,9059,10249,5462
20220321,대구광역시,\N,\N,20922,9411,9401,4867
20220321,광주광역시,\N,\N,21261,9336,10057,5149
20220321,경상북도,\N,\N,23189,10249,10924,5718
20220321,경상남도,\N,\N,22514,9927,10165,5183
20220321,경기도,\N,\N,22267,8796,10562,5075
20220321,강원도,\N,\N,21876,9069,11988,5952
20220321,\N,0,\N,3928,4387,2019,2753
20220321,\N,10,\N,8325,4760,4901,3169
20220321,\N,20,\N,18301,9029,11555,6519
20220321,\N,30,\N,22564,10297,11172,6179
20220321,\N,40,\N,25818,10055,11649,5522
20220321,\N,50,\N,28296,11320,12823,6101
20220321,\N,60,\N,23569,8963,10955,4809
20220321,\N,70,\N,12788,4495,6199,2463
20220321,\N,\N,1,27979,10431,12979,5926
20220321,\N,\N,2,14448,7371,7684,4422
20220321,\N,\N,\N,21284,8917,10359,5182
20220328,충청북도,\N,\N,23291,11481,10864,6548
20220328,충청남도,\N,\N,24431,11896,11575,6942
20220328,제주특별자치도,\N,\N,26117,11728,18568,9383
20220328,전라북도,\N,\N,24154,11636,11051,6254
20220328,전라남도,\N,\N,24124,11897,12062,6692
20220328,인천광역시,\N,\N,21423,9570,10296,5545
20220328,울산광역시,\N,\N,20777,11306,9734,6096
20220328,세종특별자치시,\N,\N,24695,12930,12720,8035
20220328,서울특별시,\N,\N,19211,9016,10016,5599
20220328,부산광역시,\N,\N,20260,9946,9868,5523
20220328,대전광역시,\N,\N,21079,10966,10414,6377
20220328,대구광역시,\N,\N,21681,11017,9650,5549
20220328,광주광역시,\N,\N,22027,12043,10282,6267
20220328,경상북도,\N,\N,23961,11949,11309,6494
20220328,경상남도,\N,\N,23336,11576,10381,5831
20220328,경기도,\N,\N,23088,10378,10976,5997
20220328,강원도,\N,\N,22464,10534,12206,6628
20220328,\N,0,\N,4404,5972,2345,3753
20220328,\N,10,\N,8666,5661,4937,3629
20220328,\N,20,\N,19141,10335,11856,7210
20220328,\N,30,\N,23570,12166,11739,7253
20220328,\N,40,\N,26604,11937,12004,6552
20220328,\N,50,\N,29185,13217,13206,7062
20220328,\N,60,\N,24570,10782,11480,5711
20220328,\N,70,\N,13629,5699,6679,3025
20220328,\N,\N,1,28646,12100,13227,6789
20220328,\N,\N,2,15374,8956,8180,5270
20220328,\N,\N,\N,22078,10544,10729,6038
20220404,충청북도,\N,\N,24335,12588,11262,6996
20220404,충청남도,\N,\N,25202,13094,11930,7445
20220404,제주특별자치도,\N,\N,27241,11945,20034,9789
20220404,전라북도,\N,\N,25207,12589,11519,6659
20220404,전라남도,\N,\N,24981,12369,12351,7045
20220404,인천광역시,\N,\N,22187,10421,10830,5971
20220404,울산광역시,\N,\N,21762,11647,10393,6411
20220404,세종특별자치시,\N,\N,25823,14149,13213,8481
20220404,서울특별시,\N,\N,20167,9749,10685,5947
20220404,부산광역시,\N,\N,21043,10208,10373,5826
20220404,대전광역시,\N,\N,22173,11718,10854,6662
20220404,대구광역시,\N,\N,22370,11301,10037,5828
20220404,광주광역시,\N,\N,23011,12205,10693,6497
20220404,경상북도,\N,\N,24916,12513,11704,6819
20220404,경상남도,\N,\N,24038,11808,10786,6123
20220404,경기도,\N,\N,24000,11344,11591,6481
20220404,강원도,\N,\N,23341,11805,12609,7269
20220404,\N,0,\N,4539,7798,2511,4885
20220404,\N,10,\N,8820,5979,4937,3783
20220404,\N,20,\N,19804,10831,12382,7459
20220404,\N,30,\N,24515,13032,12390,7790
20220404,\N,40,\N,27572,12676,12566,6955
20220404,\N,50,\N,30259,13972,13833,7442
20220404,\N,60,\N,25889,11614,12208,6138
20220404,\N,70,\N,14681,6425,7257,3415
20220404,\N,\N,1,29496,12818,13738,7166
20220404,\N,\N,2,16308,9683,8744,5677
20220404,\N,\N,\N,22973,11267,11268,6430
20220411,충청북도,\N,\N,24603,12134,11380,6813
20220411,충청남도,\N,\N,25706,12459,12065,7108
20220411,제주특별자치도,\N,\N,27422,11938,20494,9734
20220411,전라북도,\N,\N,25384,11975,11562,6403
20220411,전라남도,\N,\N,25185,12317,12523,7098
20220411,인천광역시,\N,\N,22788,10167,10993,5815
20220411,울산광역시,\N,\N,21609,11546,10383,6432
20220411,세종특별자치시,\N,\N,26283,13253,13402,8117
20220411,서울특별시,\N,\N,20587,9515,10744,5862
20220411,부산광역시,\N,\N,20926,9922,10400,5675
20220411,대전광역시,\N,\N,22247,11236,10872,6512
20220411,대구광역시,\N,\N,22329,11029,10070,5711
20220411,광주광역시,\N,\N,23215,11814,10745,6324
20220411,경상북도,\N,\N,24771,12143,11695,6656
20220411,경상남도,\N,\N,24145,11734,10847,6108
20220411,경기도,\N,\N,24589,11025,11734,6335
20220411,강원도,\N,\N,23906,11220,12961,6935
20220411,\N,0,\N,5080,6809,2827,4428
20220411,\N,10,\N,8878,5191,4767,3241
20220411,\N,20,\N,20000,10182,12280,7113
20220411,\N,30,\N,25207,12830,12724,7780
20220411,\N,40,\N,28204,12457,12815,6896
20220411,\N,50,\N,30571,13802,13937,7400
20220411,\N,60,\N,25968,11520,12247,6117
20220411,\N,70,\N,14648,6257,7287,3349
20220411,\N,\N,1,29904,12551,13852,7049
20220411,\N,\N,2,16553,9335,8832,5527
20220411,\N,\N,\N,23300,10960,11368,6296
20220418,충청북도,\N,\N,25451,12285,11643,6970
20220418,충청남도,\N,\N,26350,12449,12288,7200
20220418,제주특별자치도,\N,\N,28650,11627,20216,9579
20220418,전라북도,\N,\N,26256,12100,11850,6551
20220418,전라남도,\N,\N,26327,12400,12992,7283
20220418,인천광역시,\N,\N,23355,10187,11264,5897
20220418,울산광역시,\N,\N,22456,11641,10698,6480
20220418,세종특별자치시,\N,\N,27136,13322,13670,8153
20220418,서울특별시,\N,\N,21232,9583,11123,5920
20220418,부산광역시,\N,\N,21603,10068,10654,5806
20220418,대전광역시,\N,\N,23111,11359,11374,6662
20220418,대구광역시,\N,\N,23095,11114,10391,5799
20220418,광주광역시,\N,\N,23671,11787,11109,6475
20220418,경상북도,\N,\N,25656,12251,11982,6792
20220418,경상남도,\N,\N,24923,11841,11144,6244
20220418,경기도,\N,\N,25236,11056,12067,6406
20220418,강원도,\N,\N,24634,11324,13096,7050
20220418,\N,0,\N,5366,6758,3034,4439
20220418,\N,10,\N,8928,5000,4671,3231
20220418,\N,20,\N,20283,10209,12227,7131
20220418,\N,30,\N,25862,12758,12975,7766
20220418,\N,40,\N,28977,12445,13161,6944
20220418,\N,50,\N,31502,13988,14379,7587
20220418,\N,60,\N,27054,11798,12841,6350
20220418,\N,70,\N,15642,6414,7875,3505
20220418,\N,\N,1,30754,12619,14186,7134
20220418,\N,\N,2,17140,9397,9134,5629
20220418,\N,\N,\N,24016,11024,11686,6389
20220425,충청북도,\N,\N,25578,12815,11804,7357
20220425,충청남도,\N,\N,26509,13076,12327,7660
20220425,제주특별자치도,\N,\N,27836,11926,21034,10029
20220425,전라북도,\N,\N,26137,12372,11962,6787
20220425,전라남도,\N,\N,25828,12631,12892,7412
20220425,인천광역시,\N,\N,23447,10486,11338,6080
20220425,울산광역시,\N,\N,22268,12001,10713,6759
20220425,세종특별자치시,\N,\N,27405,14484,13864,9009
20220425,서울특별시,\N,\N,21441,9971,11169,6208
20220425,부산광역시,\N,\N,21277,10567,10558,6155
20220425,대전광역시,\N,\N,23060,11990,11339,7176
20220425,대구광역시,\N,\N,22712,11469,10264,6036
20220425,광주광역시,\N,\N,23234,11989,11001,6652
20220425,경상북도,\N,\N,25573,12661,12049,7131
20220425,경상남도,\N,\N,24792,12476,11183,6631
20220425,경기도,\N,\N,25456,11533,12141,6730
20220425,강원도,\N,\N,25009,11704,13399,7453
20220425,\N,0,\N,5522,7063,3168,4713
20220425,\N,10,\N,9870,6942,5156,4601
20220425,\N,20,\N,20909,10818,12564,7716
20220425,\N,30,\N,25827,12823,12923,7796
20220425,\N,40,\N,28791,13032,13078,7372
20220425,\N,50,\N,31250,14161,14304,7674
20220425,\N,60,\N,26842,11901,12795,6380
20220425,\N,70,\N,15664,6544,8043,3592
20220425,\N,\N,1,30630,12983,14163,7416
20220425,\N,\N,2,17319,9909,9256,5981
20220425,\N,\N,\N,24042,11462,11734,6706
20220502,충청북도,\N,\N,22105,20628,10920,12085
20220502,충청남도,\N,\N,23190,21740,11893,13392
20220502,제주특별자치도,\N,\N,23521,19353,17888,16631
20220502,전라북도,\N,\N,22858,21039,11101,11721
20220502,전라남도,\N,\N,22719,21530,12076,12979
20220502,인천광역시,\N,\N,20234,17546,10598,10919
20220502,울산광역시,\N,\N,20312,21355,10810,12722
20220502,세종특별자치시,\N,\N,24775,26065,14259,17347
20220502,서울특별시,\N,\N,18748,17271,11024,11881
20220502,부산광역시,\N,\N,18507,17093,9792,10246
20220502,대전광역시,\N,\N,20331,20254,10824,12398
20220502,대구광역시,\N,\N,19839,19096,9436,10164
20220502,광주광역시,\N,\N,20640,21268,10517,12060
20220502,경상북도,\N,\N,22395,21169,11214,12057
20220502,경상남도,\N,\N,21601,20586,10303,11126
20220502,경기도,\N,\N,22039,19471,11761,12378
20220502,강원도,\N,\N,21567,19299,12124,12510
20220502,\N,0,\N,8029,16907,7107,13034
20220502,\N,10,\N,11578,16246,7716,11617
20220502,\N,20,\N,18388,17434,11901,12864
20220502,\N,30,\N,22524,21547,12628,14020
20220502,\N,40,\N,25324,23202,13151,14365
20220502,\N,50,\N,26240,22404,12517,12397
20220502,\N,60,\N,22192,17794,10691,9663
20220502,\N,70,\N,13023,10576,6647,5904
20220502,\N,\N,1,26042,21222,12962,12740
20220502,\N,\N,2,15769,17416,9364,11210
20220502,\N,\N,\N,20957,19338,11181,11983
20220509,충청북도,\N,\N,26304,13103,12176,7415
20220509,충청남도,\N,\N,27566,13306,12915,7696
20220509,제주특별자치도,\N,\N,28624,12019,20595,9967
20220509,전라북도,\N,\N,27365,12804,12631,6984
20220509,전라남도,\N,\N,27116,12990,13955,7617
20220509,인천광역시,\N,\N,24330,10788,11706,6226
20220509,울산광역시,\N,\N,23353,12401,11278,6867
20220509,세종특별자치시,\N,\N,28297,14399,14488,8883
20220509,서울특별시,\N,\N,22351,10169,11692,6251
20220509,부산광역시,\N,\N,22356,10758,11122,6202
20220509,대전광역시,\N,\N,23939,12153,11740,7126
20220509,대구광역시,\N,\N,23843,11966,10791,6277
20220509,광주광역시,\N,\N,24447,12272,11531,6774
20220509,경상북도,\N,\N,26594,13193,12563,7287
20220509,경상남도,\N,\N,25820,12627,11765,6668
20220509,경기도,\N,\N,26161,11613,12445,6679
20220509,강원도,\N,\N,25933,12293,13914,7665
20220509,\N,0,\N,5534,6784,3116,4435
20220509,\N,10,\N,10819,6910,5629,4346
20220509,\N,20,\N,22017,11210,13376,7848
20220509,\N,30,\N,26571,12944,13306,7872
20220509,\N,40,\N,29772,12975,13636,7265
20220509,\N,50,\N,32133,14435,14667,7766
20220509,\N,60,\N,27823,12479,13212,6634
20220509,\N,70,\N,16637,7061,8464,3834
20220509,\N,\N,1,31717,13264,14735,7473
20220509,\N,\N,2,18079,10096,9628,6033
20220509,\N,\N,\N,24967,11696,12207,6761
20220516,충청북도,\N,\N,27874,13220,12677,7547
20220516,충청남도,\N,\N,28588,13205,13263,7712
20220516,제주특별자치도,\N,\N,33166,12504,22449,10030
20220516,전라북도,\N,\N,28679,12957,12947,7088
20220516,전라남도,\N,\N,29673,13370,14591,7805
20220516,인천광역시,\N,\N,25588,10751,12294,6178
20220516,울산광역시,\N,\N,26020,12620,12142,7021
20220516,세종특별자치시,\N,\N,29915,14499,15095,9046
20220516,서울특별시,\N,\N,23450,10166,12118,6232
20220516,부산광역시,\N,\N,25098,10857,12164,6264
20220516,대전광역시,\N,\N,25213,12091,12342,7102
20220516,대구광역시,\N,\N,25710,11990,11467,6318
20220516,광주광역시,\N,\N,27189,12446,12621,6897
20220516,경상북도,\N,\N,28397,13161,13182,7330
20220516,경상남도,\N,\N,28225,12854,12684,6824
20220516,경기도,\N,\N,27392,11682,13051,6765
20220516,강원도,\N,\N,27424,12363,14784,7859
20220516,\N,0,\N,5956,6920,3358,4553
20220516,\N,10,\N,11541,6797,5822,4263
20220516,\N,20,\N,23742,11365,13853,7923
20220516,\N,30,\N,28808,13204,14300,8048
20220516,\N,40,\N,31895,13167,14511,7424
20220516,\N,50,\N,34070,14553,15502,7878
20220516,\N,60,\N,29103,12375,13726,6591
20220516,\N,70,\N,17272,6868,8699,3733
20220516,\N,\N,1,33534,13367,15447,7579
20220516,\N,\N,2,19495,10136,10201,6055
20220516,\N,\N,\N,26585,11768,12850,6824
20220523,충청북도,\N,\N,26969,12942,12452,7422
20220523,충청남도,\N,\N,27367,12945,12877,7573
20220523,제주특별자치도,\N,\N,29747,11842,21346,10221
20220523,전라북도,\N,\N,27384,12699,12548,7020
20220523,전라남도,\N,\N,27412,12874,13635,7568
20220523,인천광역시,\N,\N,24115,10565,11621,6078
20220523,울산광역시,\N,\N,23532,12308,11218,6857
20220523,세종특별자치시,\N,\N,28662,14344,14745,8990
20220523,서울특별시,\N,\N,22100,9965,11518,6124
20220523,부산광역시,\N,\N,22619,10507,11199,6103
20220523,대전광역시,\N,\N,24102,11879,11945,7045
20220523,대구광역시,\N,\N,24027,11667,10866,6184
20220523,광주광역시,\N,\N,24667,12132,11646,6815
20220523,경상북도,\N,\N,26902,12885,12669,7198
20220523,경상남도,\N,\N,26110,12381,11843,6595
20220523,경기도,\N,\N,26166,11504,12497,6661
20220523,강원도,\N,\N,26609,12284,14536,7825
20220523,\N,0,\N,5719,6900,3332,4625
20220523,\N,10,\N,10486,6501,5474,4132
20220523,\N,20,\N,21800,10941,12972,7624
20220523,\N,30,\N,26853,13012,13527,7981
20220523,\N,40,\N,29955,13001,13778,7375
20220523,\N,50,\N,32213,14196,14738,7686
20220523,\N,60,\N,27917,12106,13209,6475
20220523,\N,70,\N,16948,6771,8598,3746
20220523,\N,\N,1,31763,13118,14769,7456
20220523,\N,\N,2,18189,9875,9644,5941
20220523,\N,\N,\N,25046,11513,12232,6706
20220530,충청북도,\N,\N,21767,18665,10317,11301
20220530,충청남도,\N,\N,22718,18998,10987,11912
20220530,제주특별자치도,\N,\N,26248,17997,18719,16120
20220530,전라북도,\N,\N,22244,18242,10391,10749
20220530,전라남도,\N,\N,22252,18099,11462,11918
20220530,인천광역시,\N,\N,19777,16324,9739,10473
20220530,울산광역시,\N,\N,19260,17843,9553,11405
20220530,세종특별자치시,\N,\N,23992,21109,12962,14417
20220530,서울특별시,\N,\N,18105,15475,9918,10765
20220530,부산광역시,\N,\N,18342,14996,9220,9669
20220530,대전광역시,\N,\N,19637,17255,9904,10974
20220530,대구광역시,\N,\N,19467,16658,8913,9434
20220530,광주광역시,\N,\N,20149,17818,9711,11053
20220530,경상북도,\N,\N,22172,18511,10645,11110
20220530,경상남도,\N,\N,21273,17476,9787,10208
20220530,경기도,\N,\N,21469,17671,10698,11391
20220530,강원도,\N,\N,21666,17394,11800,11683
20220530,\N,0,\N,5949,11711,4596,9989
20220530,\N,10,\N,9166,10230,5184,7650
20220530,\N,20,\N,18268,15107,11194,11625
20220530,\N,30,\N,22355,19359,11942,13312
20220530,\N,40,\N,24717,20064,11936,12824
20220530,\N,50,\N,25978,21096,11956,12214
20220530,\N,60,\N,22278,17751,10512,10182
20220530,\N,70,\N,13388,9741,6737,5675
20220530,\N,\N,1,25845,19215,12270,11871
20220530,\N,\N,2,15067,14988,8365,10125
20220530,\N,\N,\N,20509,17123,10337,11007
20220606,강원도,\N,\N,20601,16869,11080,10688
20220606,경기도,\N,\N,20516,16506,9884,9774
20220606,경상남도,\N,\N,20165,17999,9145,9661
20220606,경상북도,\N,\N,20755,18453,9888,10383
20220606,광주광역시,\N,\N,18948,17804,8953,9988
20220606,대구광역시,\N,\N,18563,16555,8467,8861
20220606,대전광역시,\N,\N,18657,16809,9188,9905
20220606,부산광역시,\N,\N,17400,15147,8696,8883
20220606,서울특별시,\N,\N,17385,14568,9166,9229
20220606,세종특별자치시,\N,\N,22347,20052,11479,12522
20220606,울산광역시,\N,\N,18172,17630,8831,10152
20220606,인천광역시,\N,\N,18843,15381,9157,9066
20220606,전라남도,\N,\N,20892,19001,10571,11257
20220606,전라북도,\N,\N,20772,18185,9611,10002
20220606,제주특별자치도,\N,\N,26889,19912,18037,15646
20220606,충청남도,\N,\N,21421,18714,10025,10871
20220606,충청북도,\N,\N,20527,18105,9470,10338
20220613,강원도,\N,\N,25758,12064,13884,7563
20220613,경기도,\N,\N,25726,11401,12462,6636
20220613,경상남도,\N,\N,25302,12613,11618,6699
20220613,경상북도,\N,\N,26042,13288,12574,7468
20220613,광주광역시,\N,\N,24015,12382,11478,6927
20220613,대구광역시,\N,\N,23107,11789,10581,6235
20220613,대전광역시,\N,\N,23296,11927,11591,7068
20220613,부산광역시,\N,\N,21724,10514,10886,6081
20220613,서울특별시,\N,\N,21843,9922,11494,6167
20220613,세종특별자치시,\N,\N,28039,14191,14553,8905
20220613,울산광역시,\N,\N,22557,12289,10917,6843
20220613,인천광역시,\N,\N,23831,10529,11649,6155
20220613,전라남도,\N,\N,26581,13124,13557,7895
20220613,전라북도,\N,\N,26537,12670,12366,7076
20220613,제주특별자치도,\N,\N,29637,12715,21914,11038
20220613,충청남도,\N,\N,26936,13118,12729,7703
20220613,충청북도,\N,\N,25856,12930,12089,7482
20220606,\N,\N,\N,19516,16612,9594,9808
20220613,\N,\N,\N,24464,11542,12105,6758
20220606,\N,\N,1,24729,18797,11576,10770
20220606,\N,\N,2,14207,14387,7576,8829
20220613,\N,\N,1,30980,13186,14581,7529
20220613,\N,\N,2,17831,9868,9583,5973
20220606,\N,0,\N,4524,11090,2805,7688
20220606,\N,10,\N,7832,9092,4068,5814
20220606,\N,20,\N,16713,14846,9976,10453
20220606,\N,30,\N,21153,18727,10771,11752
20220606,\N,40,\N,23577,18895,10959,10927
20220606,\N,50,\N,25143,20648,11581,11325
20220606,\N,60,\N,21842,17858,10416,9710
20220606,\N,70,\N,13066,10023,6610,5551
20220613,\N,0,\N,5768,6844,3552,4683
20220613,\N,10,\N,9440,5746,5022,3758
20220613,\N,20,\N,21137,10969,12810,7860
20220613,\N,30,\N,26566,13122,13597,8140
20220613,\N,40,\N,29555,13005,13783,7383
20220613,\N,50,\N,31658,14509,14666,7842
20220613,\N,60,\N,27288,12369,13045,6611
20220613,\N,70,\N,16290,6745,8291,3674
20220620,강원도,\N,\N,26152,11627,14557,7609
20220620,경기도,\N,\N,25535,11015,12349,6426
20220620,경상남도,\N,\N,25513,11814,11798,6482
20220620,경상북도,\N,\N,26926,12733,13332,7458
20220620,광주광역시,\N,\N,24183,11511,11992,6744
20220620,대구광역시,\N,\N,23623,11307,10965,6093
20220620,대전광역시,\N,\N,24082,11416,12588,7130
20220620,부산광역시,\N,\N,22048,9949,11251,6021
20220620,서울특별시,\N,\N,21816,9686,11644,6097
20220620,세종특별자치시,\N,\N,28628,13469,15531,8775
20220620,울산광역시,\N,\N,23060,11701,11239,6693
20220620,인천광역시,\N,\N,23518,10088,11496,5871
20220620,전라남도,\N,\N,26986,12389,14293,7861
20220620,전라북도,\N,\N,26806,12103,13058,7057
20220620,제주특별자치도,\N,\N,29307,11972,23718,11137
20220620,충청남도,\N,\N,27268,12654,13310,7628
20220620,충청북도,\N,\N,26264,12459,12809,7404
20220627,강원도,\N,\N,24460,11618,14078,7450
20220627,경기도,\N,\N,24024,10886,11921,6353
20220627,경상남도,\N,\N,24662,12253,11659,6665
20220627,경상북도,\N,\N,26296,12478,13033,7164
20220627,광주광역시,\N,\N,23603,11465,11875,6588
20220627,대구광역시,\N,\N,23053,11205,10798,6029
20220627,대전광역시,\N,\N,23173,11418,12124,6981
20220627,부산광역시,\N,\N,21237,10176,11002,6037
20220627,서울특별시,\N,\N,20412,9460,11264,5957
20220627,세종특별자치시,\N,\N,27971,13984,14816,8984
20220627,울산광역시,\N,\N,22037,11527,10913,6548
20220627,인천광역시,\N,\N,22000,9881,10944,5683
20220627,전라남도,\N,\N,26305,12445,13894,7596
20220627,전라북도,\N,\N,26152,11985,12594,6816
20220627,제주특별자치도,\N,\N,29005,11699,22101,10039
20220627,충청남도,\N,\N,26305,12644,12880,7500
20220627,충청북도,\N,\N,25151,12297,12157,7143
20220620,\N,0,\N,5689,6404,3515,4380
20220620,\N,10,\N,9543,5331,6465,4015
20220620,\N,20,\N,22601,11352,15366,8889
20220620,\N,30,\N,26703,12613,13520,7849
20220620,\N,40,\N,29652,12261,13660,6950
20220620,\N,50,\N,31750,13868,14468,7513
20220620,\N,60,\N,26919,11745,12623,6229
20220620,\N,70,\N,15699,6365,7881,3446
20220627,\N,0,\N,5527,6399,3375,4298
20220627,\N,10,\N,9213,5976,6764,4176
20220627,\N,20,\N,21820,11128,16162,8535
20220627,\N,30,\N,25790,12586,12957,7691
20220627,\N,40,\N,28385,12468,13021,7044
20220627,\N,50,\N,30145,13608,13723,7346
20220627,\N,60,\N,25319,11343,11849,6016
20220627,\N,70,\N,14530,6009,7342,3234
20220620,\N,\N,1,31299,12682,14897,7398
20220620,\N,\N,2,17767,9442,9811,5861
20220627,\N,\N,1,29922,12645,14430,7319
20220627,\N,\N,2,16839,9323,9498,5698
20220620,\N,\N,\N,24595,11077,12377,6637
20220627,\N,\N,\N,23441,10999,11987,6516
20220704,\N,\N,1,30390,12958,14360,7480
20220704,\N,\N,2,16874,9613,9192,5851
20220704,\N,\N,\N,23696,11301,11801,6673
20220704,강원도,\N,\N,25012,11693,13552,7375
20220704,경기도,\N,\N,24672,11266,11847,6583
20220704,경상남도,\N,\N,24704,12154,11506,6561
20220704,경상북도,\N,\N,25872,12928,12502,7304
20220704,광주광역시,\N,\N,23180,11845,11357,6719
20220704,대구광역시,\N,\N,22781,11641,10638,6278
20220704,대전광역시,\N,\N,23065,11627,11679,7006
20220704,부산광역시,\N,\N,21299,10099,10887,5949
20220704,서울특별시,\N,\N,20953,9859,11180,6230
20220704,세종특별자치시,\N,\N,27590,14024,14291,8924
20220704,울산광역시,\N,\N,21943,11727,10724,6681
20220704,인천광역시,\N,\N,22651,10237,11003,5964
20220704,전라남도,\N,\N,25814,12609,13420,7657
20220704,전라북도,\N,\N,25857,12368,12216,6913
20220704,제주특별자치도,\N,\N,28191,12160,21942,10371
20220704,충청남도,\N,\N,26487,12940,12568,7575
20220704,충청북도,\N,\N,25370,12716,11885,7282
20220704,\N,0,\N,5372,7022,3259,4747
20220704,\N,10,\N,9680,7209,6068,4673
20220704,\N,20,\N,21447,11300,15051,8474
20220704,\N,30,\N,25944,12664,12964,7819
20220704,\N,40,\N,28870,12856,13224,7365
20220704,\N,50,\N,30580,13708,13752,7400
20220704,\N,60,\N,25699,11445,11799,6031
20220704,\N,70,\N,14546,6306,7102,3392
